rang,ville,departement,region,population,score_global,vie,securite,cout,transport,nature,culture,ecoles,teletravail,fiche
1,"Obernai","Bas-Rhin","Grand Est",11500,8.40,9.0,8.6,6.3,6.4,7.1,8.7,9.0,7.5,"https://www.mavilleideale.fr/villes/obernai"
2,"Fontainebleau","Seine-et-Marne","Île-de-France",25000,7.90,8.7,8.1,4.6,6.4,8.5,7.8,8.7,7.5,"https://www.mavilleideale.fr/villes/fontainebleau"
3,"Amboise","Indre-et-Loire","Centre-Val de Loire",14000,7.90,8.7,7.5,6.7,5.6,7.1,9.0,7.7,7.5,"https://www.mavilleideale.fr/villes/amboise"
4,"Autun","Saône-et-Loire","Bourgogne-Franche-Comté",14000,7.80,6.8,8.1,8.5,4.9,7.8,9.0,6.6,7.5,"https://www.mavilleideale.fr/villes/autun"
5,"Le Puy-en-Velay","Haute-Loire","Auvergne-Rhône-Alpes",19000,7.70,7.8,8.1,7.6,4.2,8.5,8.7,7.7,6.3,"https://www.mavilleideale.fr/villes/le-puy-en-velay"
6,"Senlis","Oise","Hauts-de-France",16000,7.70,7.8,7.5,6.3,6.4,6.4,7.8,8.7,8.8,"https://www.mavilleideale.fr/villes/senlis"
7,"Gex","Ain","Auvergne-Rhône-Alpes",13000,7.70,7.8,8.1,5.4,6.4,7.8,5.1,9.0,9.0,"https://www.mavilleideale.fr/villes/gex"
8,"Saint-Rémy-de-Provence","Bouches-du-Rhône","Provence-Alpes-Côte d'Azur",11000,7.70,9.0,6.1,4.7,4.9,8.5,9.0,8.7,7.5,"https://www.mavilleideale.fr/villes/saint-remy-de-provence"
9,"Beaune","Côte-d'Or","Bourgogne-Franche-Comté",22000,7.70,8.7,8.1,5.0,5.6,6.4,9.0,7.7,7.5,"https://www.mavilleideale.fr/villes/beaune"
10,"Anglet","Pyrénées-Atlantiques","Nouvelle-Aquitaine",38000,7.60,8.7,7.2,4.5,7.7,7.8,6.6,8.7,7.5,"https://www.mavilleideale.fr/villes/anglet"
11,"Carnac","Morbihan","Bretagne",4400,7.60,8.7,8.8,5.4,4.2,8.5,7.8,6.6,6.3,"https://www.mavilleideale.fr/villes/carnac"
12,"Île de Ré","Charente-Maritime","Nouvelle-Aquitaine",18000,7.60,9.0,8.6,3.7,4.2,8.5,7.8,8.7,8.8,"https://www.mavilleideale.fr/villes/ile-de-re"
13,"Saverne","Bas-Rhin","Grand Est",12000,7.60,7.8,8.1,6.7,5.6,7.8,7.8,7.7,7.5,"https://www.mavilleideale.fr/villes/saverne"
14,"Chinon","Indre-et-Loire","Centre-Val de Loire",8200,7.60,7.8,8.1,7.6,4.2,7.8,9.0,6.6,7.5,"https://www.mavilleideale.fr/villes/chinon"
15,"Villefranche-de-Rouergue","Aveyron","Occitanie",12000,7.60,6.8,8.8,7.6,4.2,7.8,8.7,6.6,7.5,"https://www.mavilleideale.fr/villes/villefranche-de-rouergue"
16,"Strasbourg","Bas-Rhin","Grand Est",284677,7.50,7.2,5.3,5.6,9.0,5.6,9.0,8.7,7.8,"https://www.mavilleideale.fr/villes/strasbourg"
17,"Vaison-la-Romaine","Vaucluse","Provence-Alpes-Côte d'Azur",6200,7.50,8.7,7.4,7.2,3.4,7.8,9.0,6.6,8.8,"https://www.mavilleideale.fr/villes/vaison-la-romaine"
18,"Pontarlier","Doubs","Bourgogne-Franche-Comté",18000,7.50,7.8,8.1,6.7,5.6,8.5,5.1,7.7,7.5,"https://www.mavilleideale.fr/villes/pontarlier"
19,"Fontenay-le-Comte","Vendée","Pays de la Loire",14000,7.50,7.4,8.8,7.6,4.2,7.8,7.8,6.6,7.5,"https://www.mavilleideale.fr/villes/fontenay-le-comte"
20,"Rennes","Ille-et-Vilaine","Bretagne",221272,7.40,7.6,5.9,5.7,8.1,5.6,7.3,9.0,9.0,"https://www.mavilleideale.fr/villes/rennes"
21,"Les Sables-d'Olonne","Vendée","Pays de la Loire",46000,7.40,7.8,8.0,5.4,6.2,8.5,6.6,7.7,6.3,"https://www.mavilleideale.fr/villes/les-sables-d-olonne"
22,"Dinan","Côtes-d'Armor","Bretagne",15000,7.40,7.8,8.7,7.2,4.2,7.1,8.7,6.6,5.1,"https://www.mavilleideale.fr/villes/dinan"
23,"Vitré","Ille-et-Vilaine","Bretagne",17000,7.40,6.8,8.5,7.6,5.6,6.4,7.8,7.7,6.3,"https://www.mavilleideale.fr/villes/vitre"
24,"Dinard","Ille-et-Vilaine","Bretagne",11000,7.40,8.7,8.0,5.9,4.9,7.8,6.9,6.6,7.5,"https://www.mavilleideale.fr/villes/dinard"
25,"Albertville","Savoie","Auvergne-Rhône-Alpes",19000,7.40,6.8,8.0,6.3,6.4,8.5,6.0,7.7,7.5,"https://www.mavilleideale.fr/villes/albertville"
26,"Vendôme","Loir-et-Cher","Centre-Val de Loire",17000,7.40,6.8,7.5,7.6,7.1,6.4,6.9,6.6,9.0,"https://www.mavilleideale.fr/villes/vendome"
27,"Paray-le-Monial","Saône-et-Loire","Bourgogne-Franche-Comté",8500,7.40,6.4,8.6,8.5,4.2,7.1,8.7,5.5,6.3,"https://www.mavilleideale.fr/villes/paray-le-monial"
28,"Gérardmer","Vosges","Grand Est",8900,7.40,8.7,8.6,6.8,3.4,8.5,6.0,6.6,8.8,"https://www.mavilleideale.fr/villes/gerardmer"
29,"Annecy","Haute-Savoie","Auvergne-Rhône-Alpes",131282,7.30,9.0,7.3,3.1,6.4,8.9,6.6,8.7,8.8,"https://www.mavilleideale.fr/villes/annecy"
30,"Lannion","Côtes-d'Armor","Bretagne",20000,7.30,7.4,8.2,7.6,4.9,7.1,6.0,7.7,7.5,"https://www.mavilleideale.fr/villes/lannion"
31,"Quiberon","Morbihan","Bretagne",4500,7.30,9.0,8.8,5.0,3.4,8.5,6.9,6.6,7.5,"https://www.mavilleideale.fr/villes/quiberon"
32,"Biscarrosse","Landes","Nouvelle-Aquitaine",14000,7.30,8.7,8.1,5.9,4.2,8.5,5.1,7.7,6.3,"https://www.mavilleideale.fr/villes/biscarrosse"
33,"Sisteron","Alpes-de-Haute-Provence","Provence-Alpes-Côte d'Azur",7500,7.30,7.8,8.1,7.6,4.9,7.8,6.9,6.6,5.1,"https://www.mavilleideale.fr/villes/sisteron"
34,"Valbonne","Alpes-Maritimes","Provence-Alpes-Côte d'Azur",13000,7.30,8.7,7.7,3.2,6.4,7.1,7.8,9.0,9.0,"https://www.mavilleideale.fr/villes/valbonne"
35,"Céret","Pyrénées-Orientales","Occitanie",7800,7.30,8.7,6.7,6.3,4.2,7.8,8.7,6.6,6.3,"https://www.mavilleideale.fr/villes/ceret"
36,"Saint-Dié-des-Vosges","Vosges","Grand Est",20000,7.30,5.9,7.5,8.5,4.9,8.5,6.9,6.6,7.5,"https://www.mavilleideale.fr/villes/saint-die-des-vosges"
37,"Villefranche-sur-Saône","Rhône","Auvergne-Rhône-Alpes",37000,7.30,7.4,6.3,5.9,7.0,5.7,7.5,8.7,8.8,"https://www.mavilleideale.fr/villes/villefranche-sur-saone"
38,"Semur-en-Auxois","Côte-d'Or","Bourgogne-Franche-Comté",4200,7.30,7.4,8.6,8.5,3.4,7.8,8.7,5.5,6.3,"https://www.mavilleideale.fr/villes/semur-en-auxois"
39,"Guebwiller","Haut-Rhin","Grand Est",10800,7.30,7.8,8.1,6.7,4.9,7.1,6.9,7.7,7.5,"https://www.mavilleideale.fr/villes/guebwiller"
40,"La Rochelle","Charente-Maritime","Nouvelle-Aquitaine",76348,7.20,8.1,6.5,4.6,7.0,7.2,6.9,7.4,8.8,"https://www.mavilleideale.fr/villes/la-rochelle"
41,"Sanary-sur-Mer","Var","Provence-Alpes-Côte d'Azur",17000,7.20,8.7,7.5,4.7,5.6,7.1,6.9,7.7,7.5,"https://www.mavilleideale.fr/villes/sanary-sur-mer"
42,"Tulle","Corrèze","Nouvelle-Aquitaine",15000,7.20,6.8,8.1,8.0,4.9,7.8,6.0,5.5,7.5,"https://www.mavilleideale.fr/villes/tulle"
43,"Parthenay","Deux-Sèvres","Nouvelle-Aquitaine",10000,7.20,6.8,8.6,8.0,4.2,7.1,7.8,5.5,7.5,"https://www.mavilleideale.fr/villes/parthenay"
44,"Laon","Aisne","Hauts-de-France",24000,7.20,6.2,6.5,8.3,6.4,6.4,8.7,6.6,7.5,"https://www.mavilleideale.fr/villes/laon"
45,"Les Andelys","Eure","Normandie",8300,7.20,6.8,8.1,7.6,4.2,7.8,7.8,6.6,7.5,"https://www.mavilleideale.fr/villes/les-andelys"
46,"Gaillac","Tarn","Occitanie",15800,7.20,7.8,8.1,7.6,4.2,7.1,6.9,6.6,7.5,"https://www.mavilleideale.fr/villes/gaillac"
47,"Lyon","Métropole de Lyon","Auvergne-Rhône-Alpes",522250,7.10,6.8,5.1,4.2,9.0,5.0,9.0,8.9,9.0,"https://www.mavilleideale.fr/villes/lyon"
48,"Albi","Tarn","Occitanie",49971,7.10,7.4,6.7,7.6,5.5,6.4,8.0,7.7,6.8,"https://www.mavilleideale.fr/villes/albi"
49,"Villeurbanne","Métropole de Lyon","Auvergne-Rhône-Alpes",149000,7.10,6.8,5.7,5.4,9.0,4.3,8.4,7.7,8.8,"https://www.mavilleideale.fr/villes/villeurbanne"
50,"Saumur","Maine-et-Loire","Pays de la Loire",26000,7.10,7.8,7.4,6.7,4.9,6.4,8.7,6.6,6.3,"https://www.mavilleideale.fr/villes/saumur"
51,"La Baule-Escoublac","Loire-Atlantique","Pays de la Loire",17000,7.10,8.7,7.3,4.6,4.9,7.8,6.9,7.7,6.3,"https://www.mavilleideale.fr/villes/la-baule"
52,"Vienne","Isère","Auvergne-Rhône-Alpes",30000,7.10,6.8,5.7,6.7,7.7,5.7,9.0,7.7,7.5,"https://www.mavilleideale.fr/villes/vienne"
53,"Provins","Seine-et-Marne","Île-de-France",13000,7.10,6.8,7.5,6.7,5.6,5.7,8.7,7.7,7.5,"https://www.mavilleideale.fr/villes/provins"
54,"Noirmoutier-en-l'Île","Vendée","Pays de la Loire",5000,7.10,9.0,8.8,5.0,3.4,8.5,6.0,6.6,6.3,"https://www.mavilleideale.fr/villes/noirmoutier"
55,"Challans","Vendée","Pays de la Loire",21000,7.10,6.8,8.3,7.2,4.9,7.1,5.1,7.7,7.5,"https://www.mavilleideale.fr/villes/challans"
56,"Saint-Flour","Cantal","Auvergne-Rhône-Alpes",6500,7.10,6.8,8.8,8.5,3.4,8.5,6.9,5.5,6.3,"https://www.mavilleideale.fr/villes/saint-flour"
57,"La Flèche","Sarthe","Pays de la Loire",14500,7.10,6.4,8.1,7.6,4.2,7.1,6.0,8.7,7.5,"https://www.mavilleideale.fr/villes/la-fleche"
58,"Moissac","Tarn-et-Garonne","Occitanie",12500,7.10,6.8,7.5,8.0,4.2,7.1,9.0,5.5,6.3,"https://www.mavilleideale.fr/villes/moissac"
59,"La Roche-sur-Yon","Vendée","Pays de la Loire",57000,7.00,6.8,8.0,7.2,7.0,6.4,5.7,7.7,6.3,"https://www.mavilleideale.fr/villes/la-roche-sur-yon"
60,"Hossegor","Landes","Nouvelle-Aquitaine",4000,7.00,9.0,8.1,5.0,3.4,8.5,6.9,6.6,7.5,"https://www.mavilleideale.fr/villes/hossegor"
61,"Apt","Vaucluse","Provence-Alpes-Côte d'Azur",12000,7.00,7.8,6.9,6.7,4.2,8.5,6.9,6.6,7.5,"https://www.mavilleideale.fr/villes/apt"
62,"Lourdes","Hautes-Pyrénées","Occitanie",14000,7.00,5.9,7.5,7.6,6.4,7.8,7.8,5.5,6.3,"https://www.mavilleideale.fr/villes/lourdes"
63,"Limoux","Aude","Occitanie",10000,7.00,6.8,8.1,7.6,4.2,7.1,7.8,5.5,7.5,"https://www.mavilleideale.fr/villes/limoux"
64,"Guéret","Creuse","Nouvelle-Aquitaine",13000,7.00,5.9,8.8,8.5,4.2,7.8,5.1,5.5,6.3,"https://www.mavilleideale.fr/villes/gueret"
65,"Saint-Gaudens","Haute-Garonne","Occitanie",11000,7.00,6.8,7.7,7.6,4.9,7.8,6.0,6.6,7.5,"https://www.mavilleideale.fr/villes/saint-gaudens"
66,"Brioude","Haute-Loire","Auvergne-Rhône-Alpes",6800,7.00,6.8,8.6,8.5,3.4,7.8,7.8,5.5,6.3,"https://www.mavilleideale.fr/villes/brioude"
67,"Bagnères-de-Bigorre","Hautes-Pyrénées","Occitanie",8200,7.00,7.8,8.6,7.6,3.4,8.5,6.0,5.5,7.5,"https://www.mavilleideale.fr/villes/bagneres-de-bigorre"
68,"Montmorillon","Vienne","Nouvelle-Aquitaine",6500,7.00,6.8,8.6,8.5,3.4,7.1,7.8,5.5,7.5,"https://www.mavilleideale.fr/villes/montmorillon"
69,"La Souterraine","Creuse","Nouvelle-Aquitaine",5200,7.00,6.8,8.8,8.5,3.4,7.8,5.1,4.5,8.8,"https://www.mavilleideale.fr/villes/la-souterraine"
70,"Nantes","Loire-Atlantique","Pays de la Loire",314138,6.90,7.0,4.6,5.3,8.1,6.1,7.8,7.9,9.0,"https://www.mavilleideale.fr/villes/nantes"
71,"Bordeaux","Gironde","Nouvelle-Aquitaine",254436,6.90,7.2,5.1,4.5,7.8,5.9,8.4,7.4,8.8,"https://www.mavilleideale.fr/villes/bordeaux"
72,"Vannes","Morbihan","Bretagne",60000,6.90,7.8,6.9,5.5,5.5,7.2,6.2,7.4,7.8,"https://www.mavilleideale.fr/villes/vannes"
73,"Hendaye","Pyrénées-Atlantiques","Nouvelle-Aquitaine",17000,6.90,7.8,7.5,5.3,6.4,7.1,6.0,7.7,6.3,"https://www.mavilleideale.fr/villes/hendaye"
74,"Collioure","Pyrénées-Orientales","Occitanie",3000,6.90,9.0,7.2,5.0,3.4,8.5,8.7,5.5,6.3,"https://www.mavilleideale.fr/villes/collioure"
75,"Issoire","Puy-de-Dôme","Auvergne-Rhône-Alpes",14000,6.90,6.8,7.5,7.6,5.6,7.1,6.0,6.6,7.5,"https://www.mavilleideale.fr/villes/issoire"
76,"Gien","Loiret","Centre-Val de Loire",14000,6.90,6.8,7.5,8.0,4.9,7.1,6.9,6.6,6.3,"https://www.mavilleideale.fr/villes/gien"
77,"Saint-Lô","Manche","Normandie",19000,6.90,5.9,8.2,7.6,5.6,7.1,5.1,6.6,7.5,"https://www.mavilleideale.fr/villes/saint-lo"
78,"Rumilly","Haute-Savoie","Auvergne-Rhône-Alpes",15500,6.90,6.8,8.7,5.5,4.9,6.4,4.2,8.7,7.5,"https://www.mavilleideale.fr/villes/rumilly"
79,"Mayenne","Mayenne","Pays de la Loire",12500,6.90,6.2,8.8,8.0,4.2,7.1,6.0,6.6,6.3,"https://www.mavilleideale.fr/villes/mayenne"
80,"Grenoble","Isère","Auvergne-Rhône-Alpes",158552,6.80,6.2,4.3,5.5,8.1,8.4,6.9,9.0,7.3,"https://www.mavilleideale.fr/villes/grenoble"
81,"Compiègne","Oise","Hauts-de-France",42000,6.80,6.8,6.2,5.9,7.7,7.1,7.5,7.7,6.3,"https://www.mavilleideale.fr/villes/compiegne"
82,"Brive-la-Gaillarde","Corrèze","Nouvelle-Aquitaine",47000,6.80,6.8,6.7,6.7,7.0,6.4,7.5,6.6,6.3,"https://www.mavilleideale.fr/villes/brive-la-gaillarde"
83,"Dole","Jura","Bourgogne-Franche-Comté",23000,6.80,6.8,7.0,7.6,6.4,6.4,6.9,7.7,5.1,"https://www.mavilleideale.fr/villes/dole"
84,"Saint-Jean-de-Luz","Pyrénées-Atlantiques","Nouvelle-Aquitaine",13000,6.80,8.7,7.5,4.5,4.9,7.1,6.9,6.6,6.3,"https://www.mavilleideale.fr/villes/saint-jean-de-luz"
85,"Chaumont","Haute-Marne","Grand Est",22000,6.80,5.9,7.5,8.5,4.9,7.1,6.9,5.5,6.3,"https://www.mavilleideale.fr/villes/chaumont"
86,"Aubusson","Creuse","Nouvelle-Aquitaine",3800,6.80,6.4,8.8,8.5,2.7,7.8,8.7,4.5,6.3,"https://www.mavilleideale.fr/villes/aubusson"
87,"Florac-Trois-Rivières","Lozère","Occitanie",2200,6.80,7.4,8.8,8.5,2.2,9.0,7.8,3.4,7.5,"https://www.mavilleideale.fr/villes/florac-trois-rivieres"
88,"Saint-Yrieix-la-Perche","Haute-Vienne","Nouvelle-Aquitaine",6800,6.80,6.4,8.6,8.5,3.4,7.8,6.9,5.5,6.3,"https://www.mavilleideale.fr/villes/saint-yrieix-la-perche"
89,"Montbard","Côte-d'Or","Bourgogne-Franche-Comté",5000,6.80,5.9,8.6,8.5,4.2,7.1,6.9,5.5,5.1,"https://www.mavilleideale.fr/villes/montbard"
90,"Château-Gontier-sur-Mayenne","Mayenne","Pays de la Loire",16100,6.80,6.8,8.7,8.0,4.2,7.1,5.1,5.5,6.3,"https://www.mavilleideale.fr/villes/chateau-gontier-sur-mayenne"
91,"Embrun","Hautes-Alpes","Provence-Alpes-Côte d'Azur",7500,6.80,8.7,8.6,6.7,2.7,8.5,5.1,5.5,7.5,"https://www.mavilleideale.fr/villes/embrun"
92,"Saint-Girons","Ariège","Occitanie",6700,6.80,7.8,8.8,8.0,2.7,8.5,5.1,5.5,7.5,"https://www.mavilleideale.fr/villes/saint-girons"
93,"Angers","Maine-et-Loire","Pays de la Loire",155432,6.70,7.2,5.7,6.2,7.0,5.6,7.3,7.9,7.8,"https://www.mavilleideale.fr/villes/angers"
94,"Royan","Charente-Maritime","Nouvelle-Aquitaine",17000,6.70,7.8,7.5,6.3,4.2,7.1,6.9,6.6,6.3,"https://www.mavilleideale.fr/villes/royan"
95,"Sainte-Maxime","Var","Provence-Alpes-Côte d'Azur",14000,6.70,8.7,8.1,3.4,4.9,7.8,6.9,7.7,6.3,"https://www.mavilleideale.fr/villes/sainte-maxime"
96,"Dieppe","Seine-Maritime","Normandie",30000,6.70,6.2,6.2,6.7,7.0,7.1,7.5,6.6,7.5,"https://www.mavilleideale.fr/villes/dieppe"
97,"Vesoul","Haute-Saône","Bourgogne-Franche-Comté",15000,6.70,5.9,7.5,8.5,4.9,7.1,6.0,5.5,6.3,"https://www.mavilleideale.fr/villes/vesoul"
98,"Bar-sur-Aube","Aube","Grand Est",5500,6.70,6.4,8.6,8.5,3.4,7.1,6.9,5.5,6.3,"https://www.mavilleideale.fr/villes/bar-sur-aube"
99,"Montbrison","Loire","Auvergne-Rhône-Alpes",15400,6.70,6.8,7.5,8.1,4.9,6.4,5.1,6.6,6.3,"https://www.mavilleideale.fr/villes/montbrison"
100,"Sablé-sur-Sarthe","Sarthe","Pays de la Loire",12400,6.70,6.8,8.1,8.0,4.2,7.1,6.0,5.5,6.3,"https://www.mavilleideale.fr/villes/sable-sur-sarthe"
101,"Monistrol-sur-Loire","Haute-Loire","Auvergne-Rhône-Alpes",9400,6.70,6.8,8.1,7.6,5.6,7.1,4.2,6.6,6.3,"https://www.mavilleideale.fr/villes/monistrol-sur-loire"
102,"Toulouse","Haute-Garonne","Occitanie",479553,6.60,6.6,4.3,5.3,7.5,5.0,8.0,9.0,8.3,"https://www.mavilleideale.fr/villes/toulouse"
103,"Cholet","Maine-et-Loire","Pays de la Loire",55000,6.60,6.8,7.1,6.7,6.2,5.7,5.7,7.7,6.3,"https://www.mavilleideale.fr/villes/cholet"
104,"Issy-les-Moulineaux","Hauts-de-Seine","Île-de-France",68000,6.60,8.7,7.2,2.2,9.0,4.3,7.5,9.0,9.0,"https://www.mavilleideale.fr/villes/issy-les-moulineaux"
105,"Cassis","Bouches-du-Rhône","Provence-Alpes-Côte d'Azur",7000,6.60,9.0,6.1,4.3,4.2,8.5,6.9,5.5,6.3,"https://www.mavilleideale.fr/villes/cassis"
106,"Montargis","Loiret","Centre-Val de Loire",14000,6.60,5.9,6.5,8.0,6.4,6.4,6.0,6.6,7.5,"https://www.mavilleideale.fr/villes/montargis"
107,"Guingamp","Côtes-d'Armor","Bretagne",7800,6.60,6.2,8.7,7.6,4.2,6.4,6.0,6.6,6.3,"https://www.mavilleideale.fr/villes/guingamp"
108,"Sens","Yonne","Bourgogne-Franche-Comté",25500,6.60,5.9,6.5,7.6,6.4,5.7,6.9,6.6,7.5,"https://www.mavilleideale.fr/villes/sens"
109,"Pont-à-Mousson","Meurthe-et-Moselle","Grand Est",14000,6.60,6.2,7.5,7.6,5.6,5.7,6.9,6.6,6.3,"https://www.mavilleideale.fr/villes/pont-a-mousson"
110,"Soissons","Aisne","Hauts-de-France",28000,6.60,5.9,6.5,8.3,5.6,5.7,6.9,6.6,7.5,"https://www.mavilleideale.fr/villes/soissons"
111,"Gourdon","Lot","Occitanie",4800,6.60,6.8,8.6,8.5,2.7,7.8,6.9,4.5,7.5,"https://www.mavilleideale.fr/villes/gourdon"
112,"Sarrebourg","Moselle","Grand Est",13500,6.60,6.2,7.5,7.6,4.2,7.1,6.9,6.6,6.3,"https://www.mavilleideale.fr/villes/sarrebourg"
113,"Rambouillet","Yvelines","Île-de-France",26600,6.60,6.8,7.0,3.8,7.1,7.1,6.9,7.7,8.8,"https://www.mavilleideale.fr/villes/rambouillet"
114,"Aix-en-Provence","Bouches-du-Rhône","Provence-Alpes-Côte d'Azur",143097,6.50,7.8,5.9,3.6,6.1,6.4,8.4,8.3,7.3,"https://www.mavilleideale.fr/villes/aix-en-provence"
115,"Besançon","Doubs","Bourgogne-Franche-Comté",116952,6.50,6.6,5.7,6.4,7.0,6.4,6.9,7.4,6.8,"https://www.mavilleideale.fr/villes/besancon"
116,"Saint-Malo","Ille-et-Vilaine","Bretagne",45165,6.50,7.4,6.5,5.0,5.2,7.2,7.3,6.2,7.3,"https://www.mavilleideale.fr/villes/saint-malo"
117,"Chambéry","Savoie","Auvergne-Rhône-Alpes",68000,6.50,7.0,6.3,5.0,6.1,8.1,6.2,7.4,6.3,"https://www.mavilleideale.fr/villes/chambery"
118,"Vichy","Allier","Auvergne-Rhône-Alpes",24400,6.50,6.8,7.0,8.2,4.2,6.4,6.9,6.6,5.1,"https://www.mavilleideale.fr/villes/vichy"
119,"Auch","Gers","Occitanie",22000,6.50,6.8,7.5,8.0,4.2,6.4,6.9,6.6,5.1,"https://www.mavilleideale.fr/villes/auch"
120,"Versailles","Yvelines","Île-de-France",85000,6.50,7.8,6.3,2.4,8.4,5.0,9.0,9.0,8.8,"https://www.mavilleideale.fr/villes/versailles"
121,"Menton","Alpes-Maritimes","Provence-Alpes-Côte d'Azur",29000,6.50,8.7,7.1,3.2,5.6,7.8,6.9,7.7,7.5,"https://www.mavilleideale.fr/villes/menton"
122,"Épernay","Marne","Grand Est",23000,6.50,6.8,6.5,6.7,5.6,5.7,7.8,6.6,6.3,"https://www.mavilleideale.fr/villes/epernay"
123,"La Ciotat","Bouches-du-Rhône","Provence-Alpes-Côte d'Azur",37000,6.50,7.8,4.8,5.2,6.2,7.1,7.5,6.6,7.5,"https://www.mavilleideale.fr/villes/la-ciotat"
124,"Orange","Vaucluse","Provence-Alpes-Côte d'Azur",30000,6.50,6.8,5.1,6.3,6.2,6.4,9.0,6.6,6.3,"https://www.mavilleideale.fr/villes/orange"
125,"Pézenas","Hérault","Occitanie",8500,6.50,7.8,6.0,6.4,4.2,5.7,8.7,6.6,6.3,"https://www.mavilleideale.fr/villes/pezenas"
126,"Gordes","Vaucluse","Provence-Alpes-Côte d'Azur",2200,6.50,9.0,8.0,4.1,2.2,8.5,9.0,5.5,6.3,"https://www.mavilleideale.fr/villes/gordes"
127,"Saint-Paul-de-Vence","Alpes-Maritimes","Provence-Alpes-Côte d'Azur",3600,6.50,9.0,7.7,2.3,4.9,7.1,9.0,7.7,7.5,"https://www.mavilleideale.fr/villes/saint-paul-de-vence"
128,"Moulins","Allier","Auvergne-Rhône-Alpes",19000,6.50,5.9,7.0,8.5,4.9,5.7,6.9,5.5,6.3,"https://www.mavilleideale.fr/villes/moulins"
129,"Marmande","Lot-et-Garonne","Nouvelle-Aquitaine",18000,6.50,6.2,7.0,7.6,5.6,6.4,5.1,6.6,7.5,"https://www.mavilleideale.fr/villes/marmande"
130,"Riom","Puy-de-Dôme","Auvergne-Rhône-Alpes",18500,6.50,6.4,7.0,7.6,4.9,5.7,6.0,6.6,7.5,"https://www.mavilleideale.fr/villes/riom"
131,"Lons-le-Saunier","Jura","Bourgogne-Franche-Comté",17000,6.50,6.2,7.5,7.6,4.2,7.1,6.0,6.6,6.3,"https://www.mavilleideale.fr/villes/lons-le-saunier"
132,"Flers","Orne","Normandie",14500,6.50,5.9,8.2,8.0,4.2,6.4,5.1,6.6,6.3,"https://www.mavilleideale.fr/villes/flers"
133,"Cosne-Cours-sur-Loire","Nièvre","Bourgogne-Franche-Comté",10000,6.50,6.4,8.1,8.5,3.4,7.8,5.1,5.5,6.3,"https://www.mavilleideale.fr/villes/cosne-cours-sur-loire"
134,"Condom","Gers","Occitanie",6800,6.50,6.8,8.6,8.0,2.7,7.1,7.8,5.5,6.3,"https://www.mavilleideale.fr/villes/condom"
135,"Issoudun","Indre","Centre-Val de Loire",12000,6.50,5.9,7.5,8.5,4.2,6.4,6.0,6.6,6.3,"https://www.mavilleideale.fr/villes/issoudun"
136,"Étampes","Essonne","Île-de-France",24000,6.50,5.9,6.1,6.7,6.4,5.7,6.9,7.7,7.5,"https://www.mavilleideale.fr/villes/etampes"
137,"Villeneuve-sur-Lot","Lot-et-Garonne","Nouvelle-Aquitaine",23500,6.50,6.4,7.0,7.6,4.2,7.1,6.9,6.6,6.3,"https://www.mavilleideale.fr/villes/villeneuve-sur-lot"
138,"Ussel","Corrèze","Nouvelle-Aquitaine",10200,6.50,6.8,8.6,8.5,2.7,8.5,3.3,4.5,8.8,"https://www.mavilleideale.fr/villes/ussel"
139,"Châteaudun","Eure-et-Loir","Centre-Val de Loire",13900,6.50,6.8,7.5,8.0,4.2,6.4,6.0,5.5,6.3,"https://www.mavilleideale.fr/villes/chateaudun"
140,"Le Blanc","Indre","Centre-Val de Loire",6900,6.50,6.8,8.6,8.5,3.4,7.8,4.2,4.5,6.3,"https://www.mavilleideale.fr/villes/le-blanc"
141,"Brest","Finistère","Bretagne",139386,6.40,6.2,5.7,6.4,6.4,6.4,6.6,7.4,7.3,"https://www.mavilleideale.fr/villes/brest"
142,"Dijon","Côte-d'Or","Bourgogne-Franche-Comté",162303,6.40,6.8,5.7,6.2,7.0,5.0,7.3,7.4,6.8,"https://www.mavilleideale.fr/villes/dijon"
143,"Tours","Indre-et-Loire","Centre-Val de Loire",138617,6.40,6.6,5.5,5.9,7.0,5.0,7.3,7.9,7.3,"https://www.mavilleideale.fr/villes/tours"
144,"Caen","Calvados","Normandie",109038,6.40,6.6,5.9,6.2,7.0,5.6,6.6,7.4,6.3,"https://www.mavilleideale.fr/villes/caen"
145,"Pau","Pyrénées-Atlantiques","Nouvelle-Aquitaine",77000,6.40,6.6,5.7,6.2,6.1,7.0,6.6,7.4,6.3,"https://www.mavilleideale.fr/villes/pau"
146,"Colmar","Haut-Rhin","Grand Est",67615,6.40,6.8,6.1,6.2,6.1,5.9,7.6,6.6,6.3,"https://www.mavilleideale.fr/villes/colmar"
147,"Annemasse","Haute-Savoie","Auvergne-Rhône-Alpes",37000,6.40,6.8,6.8,3.4,9.0,6.4,6.6,7.7,7.5,"https://www.mavilleideale.fr/villes/annemasse"
148,"Langres","Haute-Marne","Grand Est",7500,6.40,6.4,8.6,8.5,2.7,7.1,7.8,5.5,5.1,"https://www.mavilleideale.fr/villes/langres"
149,"Abbeville","Somme","Hauts-de-France",23500,6.40,5.9,6.5,7.6,4.9,7.1,6.0,6.6,6.3,"https://www.mavilleideale.fr/villes/abbeville"
150,"Castelsarrasin","Tarn-et-Garonne","Occitanie",12000,6.40,5.9,7.5,8.0,4.2,7.1,5.1,6.6,6.3,"https://www.mavilleideale.fr/villes/castelsarrasin"
151,"Saint-Claude","Jura","Bourgogne-Franche-Comté",10800,6.40,6.8,8.1,7.6,3.4,7.8,5.1,5.5,7.5,"https://www.mavilleideale.fr/villes/saint-claude"
152,"Commercy","Meuse","Grand Est",6100,6.40,5.9,8.1,8.5,4.2,6.4,6.0,5.5,5.1,"https://www.mavilleideale.fr/villes/commercy"
153,"Clermont-Ferrand","Puy-de-Dôme","Auvergne-Rhône-Alpes",147865,6.30,6.2,5.5,6.4,6.4,7.2,6.2,7.0,6.3,"https://www.mavilleideale.fr/villes/clermont-ferrand"
154,"Quimper","Finistère","Bretagne",63901,6.30,6.6,6.1,6.2,5.5,6.4,6.6,6.6,6.3,"https://www.mavilleideale.fr/villes/quimper"
155,"Valence","Drôme","Auvergne-Rhône-Alpes",63731,6.30,6.2,5.2,6.7,7.4,6.3,6.6,6.6,5.8,"https://www.mavilleideale.fr/villes/valence"
156,"Montélimar","Drôme","Auvergne-Rhône-Alpes",38800,6.30,6.8,5.7,6.7,6.2,6.4,6.6,6.6,5.1,"https://www.mavilleideale.fr/villes/montelimar"
157,"Castres","Tarn","Occitanie",41000,6.30,6.8,6.2,7.2,5.5,5.7,6.6,6.6,5.1,"https://www.mavilleideale.fr/villes/castres"
158,"Roanne","Loire","Auvergne-Rhône-Alpes",35000,6.30,6.2,5.7,7.7,6.2,5.7,6.6,6.6,5.1,"https://www.mavilleideale.fr/villes/roanne"
159,"Châtellerault","Vienne","Nouvelle-Aquitaine",32000,6.30,5.9,5.7,7.2,7.7,5.7,6.6,5.5,6.3,"https://www.mavilleideale.fr/villes/chatellerault"
160,"Vincennes","Val-de-Marne","Île-de-France",48000,6.30,7.4,6.1,2.2,9.0,5.6,7.6,8.7,9.0,"https://www.mavilleideale.fr/villes/vincennes"
161,"Neuilly-sur-Seine","Hauts-de-Seine","Île-de-France",61000,6.30,7.4,6.7,2.2,9.0,4.2,7.6,9.0,9.0,"https://www.mavilleideale.fr/villes/neuilly-sur-seine"
162,"Carpentras","Vaucluse","Provence-Alpes-Côte d'Azur",29000,6.30,6.8,5.4,6.7,4.9,6.4,6.9,6.6,7.5,"https://www.mavilleideale.fr/villes/carpentras"
163,"Bar-le-Duc","Meuse","Grand Est",15500,6.30,5.9,7.5,8.5,4.2,5.7,6.9,5.5,5.1,"https://www.mavilleideale.fr/villes/bar-le-duc"
164,"Dreux","Eure-et-Loir","Centre-Val de Loire",30000,6.30,5.5,5.7,7.2,7.0,5.0,6.6,6.6,7.5,"https://www.mavilleideale.fr/villes/dreux"
165,"Sedan","Ardennes","Grand Est",17500,6.30,5.9,6.5,8.5,4.2,6.4,7.8,5.5,5.1,"https://www.mavilleideale.fr/villes/sedan"
166,"Gray","Haute-Saône","Bourgogne-Franche-Comté",5800,6.30,5.9,8.1,8.5,3.4,7.1,6.9,5.5,5.1,"https://www.mavilleideale.fr/villes/gray"
167,"Argentan","Orne","Normandie",14200,6.30,5.9,8.2,7.6,4.2,6.4,5.1,5.5,6.3,"https://www.mavilleideale.fr/villes/argentan"
168,"Troyes","Aube","Grand Est",60750,6.20,5.9,5.4,7.1,6.7,5.6,7.1,6.4,5.3,"https://www.mavilleideale.fr/villes/troyes"
169,"Libourne","Gironde","Nouvelle-Aquitaine",27000,6.20,6.4,6.3,6.6,5.2,6.1,5.7,6.4,6.5,"https://www.mavilleideale.fr/villes/libourne"
170,"Nancy","Meurthe-et-Moselle","Grand Est",104885,6.20,6.2,5.1,6.2,7.0,4.8,7.6,7.4,6.3,"https://www.mavilleideale.fr/villes/nancy"
171,"Charleville-Mézières","Ardennes","Grand Est",47839,6.20,5.5,5.7,8.5,5.5,7.1,6.2,5.5,5.1,"https://www.mavilleideale.fr/villes/charleville-mezieres"
172,"Saint-Quentin","Aisne","Hauts-de-France",54000,6.20,5.5,4.7,8.3,7.7,5.0,7.5,5.5,5.1,"https://www.mavilleideale.fr/villes/saint-quentin"
173,"Sélestat","Bas-Rhin","Grand Est",20000,6.20,6.6,6.1,6.2,5.5,5.9,6.6,6.6,5.3,"https://www.mavilleideale.fr/villes/selestat"
174,"Levallois-Perret","Hauts-de-Seine","Île-de-France",66000,6.20,7.8,7.2,2.2,9.0,3.0,6.6,9.0,9.0,"https://www.mavilleideale.fr/villes/levallois-perret"
175,"Saint-Germain-en-Laye","Yvelines","Île-de-France",40000,6.20,7.4,6.5,2.2,8.4,5.9,7.6,9.0,8.3,"https://www.mavilleideale.fr/villes/saint-germain-en-laye"
176,"Rueil-Malmaison","Hauts-de-Seine","Île-de-France",79000,6.20,7.8,7.2,2.2,7.7,5.7,6.6,9.0,8.8,"https://www.mavilleideale.fr/villes/rueil-malmaison"
177,"Saint-Raphaël","Var","Provence-Alpes-Côte d'Azur",35000,6.20,7.8,6.2,3.9,7.0,7.1,6.6,6.6,6.3,"https://www.mavilleideale.fr/villes/saint-raphael"
178,"Foix","Ariège","Occitanie",10000,6.20,5.9,8.1,7.6,3.4,7.8,6.0,5.5,5.1,"https://www.mavilleideale.fr/villes/foix"
179,"Mende","Lozère","Occitanie",12000,6.20,6.8,8.8,8.5,2.7,8.5,5.1,4.5,2.6,"https://www.mavilleideale.fr/villes/mende"
180,"Cagnes-sur-Mer","Alpes-Maritimes","Provence-Alpes-Côte d'Azur",52000,6.20,6.8,5.3,4.0,7.7,6.4,7.5,7.7,7.5,"https://www.mavilleideale.fr/villes/cagnes-sur-mer"
181,"Aubagne","Bouches-du-Rhône","Provence-Alpes-Côte d'Azur",47000,6.20,6.8,4.3,5.6,7.0,5.7,7.5,7.7,7.5,"https://www.mavilleideale.fr/villes/aubagne"
182,"Longwy","Meurthe-et-Moselle","Grand Est",14500,6.20,5.9,6.5,7.6,4.9,5.7,6.9,6.6,5.1,"https://www.mavilleideale.fr/villes/longwy"
183,"Bressuire","Deux-Sèvres","Nouvelle-Aquitaine",19200,6.20,5.9,8.1,7.6,4.2,6.4,4.2,5.5,6.3,"https://www.mavilleideale.fr/villes/bressuire"
184,"Péronne","Somme","Hauts-de-France",7800,6.20,5.9,7.5,8.0,4.2,6.4,6.0,5.5,5.1,"https://www.mavilleideale.fr/villes/peronne"
185,"Poitiers","Vienne","Nouvelle-Aquitaine",89250,6.10,5.9,5.7,6.6,6.4,5.0,6.2,7.4,5.8,"https://www.mavilleideale.fr/villes/poitiers"
186,"Limoges","Haute-Vienne","Nouvelle-Aquitaine",131036,6.10,5.9,6.1,7.1,6.1,5.6,5.9,6.2,5.3,"https://www.mavilleideale.fr/villes/limoges"
187,"Lorient","Morbihan","Bretagne",57815,6.10,6.2,5.5,6.2,6.1,6.4,6.2,6.6,6.3,"https://www.mavilleideale.fr/villes/lorient"
188,"Laval","Mayenne","Pays de la Loire",52000,6.10,5.9,6.8,7.2,5.5,5.7,4.8,6.6,5.1,"https://www.mavilleideale.fr/villes/laval"
189,"Mâcon","Saône-et-Loire","Bourgogne-Franche-Comté",34000,6.10,6.2,5.5,6.6,7.0,5.7,6.9,6.2,5.1,"https://www.mavilleideale.fr/villes/macon"
190,"Bayeux","Calvados","Normandie",14000,6.10,6.6,6.3,6.2,4.6,6.1,7.3,6.2,4.8,"https://www.mavilleideale.fr/villes/bayeux"
191,"Auxerre","Yonne","Bourgogne-Franche-Comté",35600,6.10,6.2,5.7,7.2,5.5,5.7,6.6,6.6,5.1,"https://www.mavilleideale.fr/villes/auxerre"
192,"Saintes","Charente-Maritime","Nouvelle-Aquitaine",25100,6.10,6.6,5.9,6.2,4.9,6.1,6.6,6.2,5.8,"https://www.mavilleideale.fr/villes/saintes"
193,"Haguenau","Bas-Rhin","Grand Est",35000,6.10,6.2,5.7,6.2,6.1,5.6,6.6,6.6,5.8,"https://www.mavilleideale.fr/villes/haguenau"
194,"Montbéliard","Doubs","Bourgogne-Franche-Comté",25000,6.10,5.9,5.5,7.2,6.4,5.7,6.0,6.6,5.1,"https://www.mavilleideale.fr/villes/montbeliard"
195,"Ivry-sur-Seine","Val-de-Marne","Île-de-France",62000,6.10,5.9,5.2,4.6,9.0,4.3,7.5,5.5,7.5,"https://www.mavilleideale.fr/villes/ivry-sur-seine"
196,"Annonay","Ardèche","Auvergne-Rhône-Alpes",16500,6.10,5.9,7.0,7.6,4.2,6.4,6.0,5.5,6.3,"https://www.mavilleideale.fr/villes/annonay"
197,"Saint-Amand-Montrond","Cher","Centre-Val de Loire",10500,6.10,5.9,8.1,8.0,3.4,7.1,5.1,5.5,6.3,"https://www.mavilleideale.fr/villes/saint-amand-montrond"
198,"Joigny","Yonne","Bourgogne-Franche-Comté",10100,6.10,5.9,7.5,7.6,4.2,6.4,6.0,5.5,5.1,"https://www.mavilleideale.fr/villes/joigny"
199,"Muret","Haute-Garonne","Occitanie",26500,6.10,5.9,6.1,6.7,5.6,5.7,5.1,6.6,7.5,"https://www.mavilleideale.fr/villes/muret"
200,"Bourgoin-Jallieu","Isère","Auvergne-Rhône-Alpes",28500,6.10,5.9,6.0,6.3,6.4,5.7,5.1,6.6,7.5,"https://www.mavilleideale.fr/villes/bourgoin-jallieu"
201,"Louviers","Eure","Normandie",18900,6.10,5.9,6.5,7.2,5.6,6.4,5.1,5.5,6.3,"https://www.mavilleideale.fr/villes/louviers"
202,"Metz","Moselle","Grand Est",118634,6.00,5.9,5.3,6.2,6.7,4.8,7.3,6.6,5.8,"https://www.mavilleideale.fr/villes/metz"
203,"Montauban","Tarn-et-Garonne","Occitanie",61593,6.00,5.7,5.5,7.2,6.2,5.7,6.2,6.2,5.1,"https://www.mavilleideale.fr/villes/montauban"
204,"Gap","Hautes-Alpes","Provence-Alpes-Côte d'Azur",42000,6.00,6.6,5.9,5.5,4.6,7.8,5.5,5.8,5.3,"https://www.mavilleideale.fr/villes/gap"
205,"Tarbes","Hautes-Pyrénées","Occitanie",42000,6.00,5.9,6.2,7.4,5.2,6.4,4.8,5.8,5.8,"https://www.mavilleideale.fr/villes/tarbes"
206,"Niort","Deux-Sèvres","Nouvelle-Aquitaine",59053,6.00,6.2,5.9,6.4,5.5,5.3,6.2,6.6,5.8,"https://www.mavilleideale.fr/villes/niort"
207,"Chartres","Eure-et-Loir","Centre-Val de Loire",40000,6.00,6.1,5.5,6.2,6.4,5.0,7.3,6.6,5.8,"https://www.mavilleideale.fr/villes/chartres"
208,"Chalon-sur-Saône","Saône-et-Loire","Bourgogne-Franche-Comté",44000,6.00,5.9,5.2,7.2,6.2,5.7,6.2,6.2,5.1,"https://www.mavilleideale.fr/villes/chalon-sur-saone"
209,"Bourg-en-Bresse","Ain","Auvergne-Rhône-Alpes",43000,6.00,5.9,5.5,5.9,6.7,6.1,6.6,6.6,5.1,"https://www.mavilleideale.fr/villes/bourg-en-bresse"
210,"Saint-Brieuc","Côtes-d'Armor","Bretagne",46000,6.00,6.2,5.7,6.4,4.9,6.4,5.9,6.2,5.8,"https://www.mavilleideale.fr/villes/saint-brieuc"
211,"Romans-sur-Isère","Drôme","Auvergne-Rhône-Alpes",34500,6.00,6.2,5.2,6.7,5.5,7.1,6.6,5.5,5.1,"https://www.mavilleideale.fr/villes/romans-sur-isere"
212,"Cambrai","Nord","Hauts-de-France",33000,6.00,5.9,4.6,7.2,7.0,5.0,7.5,6.6,5.1,"https://www.mavilleideale.fr/villes/cambrai"
213,"Beauvais","Oise","Hauts-de-France",56000,6.00,5.9,5.2,6.7,7.7,5.0,7.5,5.5,5.1,"https://www.mavilleideale.fr/villes/beauvais"
214,"Boulogne-Billancourt","Hauts-de-Seine","Île-de-France",120000,6.00,7.0,5.7,2.2,9.0,4.5,7.3,8.7,9.0,"https://www.mavilleideale.fr/villes/boulogne-billancourt"
215,"Nevers","Nièvre","Bourgogne-Franche-Comté",34000,6.00,5.9,5.7,8.2,5.5,5.7,5.7,5.5,5.1,"https://www.mavilleideale.fr/villes/nevers"
216,"Pamiers","Ariège","Occitanie",16000,6.00,5.9,7.5,7.6,4.2,7.1,4.2,5.5,5.1,"https://www.mavilleideale.fr/villes/pamiers"
217,"Morlaix","Finistère","Bretagne",15000,6.00,6.2,6.1,6.4,4.6,7.0,5.9,5.8,4.8,"https://www.mavilleideale.fr/villes/morlaix"
218,"Thiers","Puy-de-Dôme","Auvergne-Rhône-Alpes",11500,6.00,5.9,7.5,7.6,3.4,7.1,6.9,5.5,5.1,"https://www.mavilleideale.fr/villes/thiers"
219,"Romorantin-Lanthenay","Loir-et-Cher","Centre-Val de Loire",17600,6.00,6.8,7.5,7.6,3.4,7.1,5.1,5.5,6.3,"https://www.mavilleideale.fr/villes/romorantin-lanthenay"
220,"Chantilly","Oise","Hauts-de-France",11000,6.00,6.8,6.5,3.7,6.4,6.4,6.9,7.7,6.3,"https://www.mavilleideale.fr/villes/chantilly"
221,"Rochefort","Charente-Maritime","Nouvelle-Aquitaine",24500,5.90,6.2,5.7,6.4,4.9,5.9,6.2,5.8,5.3,"https://www.mavilleideale.fr/villes/rochefort"
222,"Bayonne","Pyrénées-Atlantiques","Nouvelle-Aquitaine",52272,5.90,7.0,5.9,3.8,5.5,7.0,7.3,7.0,6.8,"https://www.mavilleideale.fr/villes/bayonne"
223,"Montluçon","Allier","Auvergne-Rhône-Alpes",36183,5.90,5.5,5.7,8.5,4.7,6.4,5.7,4.9,5.1,"https://www.mavilleideale.fr/villes/montlucon"
224,"Périgueux","Dordogne","Nouvelle-Aquitaine",30000,5.90,5.9,5.7,6.6,4.6,5.9,7.3,5.8,4.8,"https://www.mavilleideale.fr/villes/perigueux"
225,"Blois","Loir-et-Cher","Centre-Val de Loire",46500,5.90,5.9,5.3,6.4,5.5,5.6,7.3,6.2,5.3,"https://www.mavilleideale.fr/villes/blois"
226,"Saint-Nazaire","Loire-Atlantique","Pays de la Loire",70000,5.90,5.9,5.5,6.3,6.2,5.7,5.7,6.6,5.1,"https://www.mavilleideale.fr/villes/saint-nazaire"
227,"Belfort","Territoire de Belfort","Bourgogne-Franche-Comté",47200,5.90,5.5,5.5,7.2,6.2,5.7,5.7,6.6,5.1,"https://www.mavilleideale.fr/villes/belfort"
228,"Épinal","Vosges","Grand Est",32000,5.90,6.1,5.7,6.4,5.2,5.9,6.2,6.2,5.3,"https://www.mavilleideale.fr/villes/epinal"
229,"Thonon-les-Bains","Haute-Savoie","Auvergne-Rhône-Alpes",36000,5.90,6.6,6.1,4.5,4.6,7.8,5.5,5.8,5.3,"https://www.mavilleideale.fr/villes/thonon-les-bains"
230,"Courbevoie","Hauts-de-Seine","Île-de-France",81000,5.90,6.8,6.7,2.2,9.0,3.6,6.6,8.7,9.0,"https://www.mavilleideale.fr/villes/courbevoie"
231,"Agde","Hérault","Occitanie",25000,5.90,6.8,4.5,6.4,4.9,7.1,6.9,5.5,5.1,"https://www.mavilleideale.fr/villes/agde"
232,"Lure","Haute-Saône","Bourgogne-Franche-Comté",8800,5.90,5.9,8.1,8.5,4.2,7.1,3.3,4.5,5.1,"https://www.mavilleideale.fr/villes/lure"
233,"Rethel","Ardennes","Grand Est",7600,5.90,4.9,7.5,8.5,4.2,6.4,4.2,5.5,5.1,"https://www.mavilleideale.fr/villes/rethel"
234,"Tassin-la-Demi-Lune","Métropole de Lyon","Auvergne-Rhône-Alpes",23000,5.90,6.8,6.5,4.1,6.4,5.7,5.1,7.7,6.8,"https://www.mavilleideale.fr/villes/tassin-la-demi-lune"
235,"Rouen","Seine-Maritime","Normandie",112321,5.80,5.7,4.7,6.2,6.7,4.5,7.3,6.6,6.3,"https://www.mavilleideale.fr/villes/rouen"
236,"Orléans","Loiret","Centre-Val de Loire",115754,5.80,5.5,5.1,6.2,6.4,4.8,6.6,6.6,5.8,"https://www.mavilleideale.fr/villes/orleans"
237,"Mulhouse","Haut-Rhin","Grand Est",108000,5.80,5.5,4.5,6.4,7.0,5.0,6.9,5.8,6.3,"https://www.mavilleideale.fr/villes/mulhouse"
238,"Cognac","Charente","Nouvelle-Aquitaine",18900,5.80,5.9,5.9,6.6,4.6,5.6,6.6,5.8,4.8,"https://www.mavilleideale.fr/villes/cognac"
239,"Aix-les-Bains","Savoie","Auvergne-Rhône-Alpes",30000,5.80,6.6,6.1,4.1,4.9,7.8,5.9,6.2,5.8,"https://www.mavilleideale.fr/villes/aix-les-bains"
240,"Aubenas","Ardèche","Auvergne-Rhône-Alpes",12000,5.80,6.8,7.5,7.2,2.7,8.5,5.1,5.5,5.1,"https://www.mavilleideale.fr/villes/aubenas"
241,"Briançon","Hautes-Alpes","Provence-Alpes-Côte d'Azur",12000,5.80,6.6,6.3,5.3,4.0,8.4,5.5,5.8,4.8,"https://www.mavilleideale.fr/villes/briancon"
242,"Grasse","Alpes-Maritimes","Provence-Alpes-Côte d'Azur",51000,5.80,6.8,5.3,4.0,5.5,6.4,7.5,6.6,6.3,"https://www.mavilleideale.fr/villes/grasse"
243,"Saint-Tropez","Var","Provence-Alpes-Côte d'Azur",5000,5.80,9.0,7.0,2.2,2.2,8.5,8.7,5.5,5.1,"https://www.mavilleideale.fr/villes/saint-tropez"
244,"Saint-Dizier","Haute-Marne","Grand Est",21800,5.80,4.9,6.5,8.5,4.9,6.4,4.2,5.5,5.1,"https://www.mavilleideale.fr/villes/saint-dizier"
245,"Saint-Pierre (La Réunion)","La Réunion","La Réunion",85961,5.80,7.2,5.2,4.3,4.7,8.2,6.4,5.5,5.1,"https://www.mavilleideale.fr/villes/saint-pierre-reunion"
246,"Orvault","Loire-Atlantique","Pays de la Loire",28000,5.80,6.8,6.3,4.1,6.4,6.1,4.2,7.7,6.3,"https://www.mavilleideale.fr/villes/orvault"
247,"Reims","Marne","Grand Est",183763,5.70,5.9,5.1,6.0,6.4,4.2,7.6,6.2,5.8,"https://www.mavilleideale.fr/villes/reims"
248,"Le Mans","Sarthe","Pays de la Loire",148141,5.70,5.5,5.3,6.4,6.1,4.8,6.2,6.2,5.3,"https://www.mavilleideale.fr/villes/le-mans"
249,"Lille","Nord","Hauts-de-France",234475,5.70,5.7,3.9,5.4,8.7,3.4,8.0,7.9,7.8,"https://www.mavilleideale.fr/villes/lille"
250,"Angoulême","Charente","Nouvelle-Aquitaine",41883,5.70,5.5,5.1,6.7,5.2,5.0,6.6,6.2,5.3,"https://www.mavilleideale.fr/villes/angouleme"
251,"Thionville","Moselle","Grand Est",43000,5.70,5.9,5.1,6.2,6.1,5.0,5.9,6.2,5.3,"https://www.mavilleideale.fr/villes/thionville"
252,"Arras","Pas-de-Calais","Hauts-de-France",43000,5.70,5.9,5.3,6.2,6.1,4.2,7.3,6.6,5.8,"https://www.mavilleideale.fr/villes/arras"
253,"Alençon","Orne","Normandie",26500,5.70,5.5,7.1,8.0,4.2,5.7,5.1,6.6,3.8,"https://www.mavilleideale.fr/villes/alencon"
254,"Bourges","Cher","Centre-Val de Loire",65000,5.70,5.7,5.3,6.7,5.2,5.0,6.6,5.8,4.8,"https://www.mavilleideale.fr/villes/bourges"
255,"Cergy","Val-d'Oise","Île-de-France",65000,5.70,4.9,4.4,5.9,8.4,5.0,5.7,6.6,7.5,"https://www.mavilleideale.fr/villes/cergy"
256,"Concarneau","Finistère","Bretagne",20000,5.70,6.2,6.3,5.9,4.0,7.2,5.9,5.3,4.8,"https://www.mavilleideale.fr/villes/concarneau"
257,"Douarnenez","Finistère","Bretagne",14000,5.70,6.2,6.3,6.2,4.0,7.2,5.5,5.3,4.8,"https://www.mavilleideale.fr/villes/douarnenez"
258,"Bagnols-sur-Cèze","Gard","Occitanie",18500,5.70,5.9,5.2,7.6,4.2,6.4,5.1,5.5,6.3,"https://www.mavilleideale.fr/villes/bagnols-sur-ceze"
259,"Saint-Denis (La Réunion)","La Réunion","La Réunion",153810,5.70,6.8,4.9,4.1,4.7,8.4,6.9,5.5,5.1,"https://www.mavilleideale.fr/villes/saint-denis-reunion"
260,"Tournefeuille","Haute-Garonne","Occitanie",28000,5.70,6.8,6.1,4.6,4.9,5.7,4.2,7.7,6.3,"https://www.mavilleideale.fr/villes/tournefeuille"
261,"Illkirch-Graffenstaden","Bas-Rhin","Grand Est",27000,5.70,5.5,5.5,5.0,7.1,4.8,5.1,6.6,6.8,"https://www.mavilleideale.fr/villes/illkirch-graffenstaden"
262,"Champs-sur-Marne","Seine-et-Marne","Île-de-France",25000,5.70,5.5,5.5,5.0,7.1,5.0,5.1,6.6,6.8,"https://www.mavilleideale.fr/villes/champs-sur-marne"
263,"Mont-Saint-Aignan","Seine-Maritime","Normandie",19500,5.70,5.9,6.0,4.6,5.6,5.0,5.1,7.7,5.8,"https://www.mavilleideale.fr/villes/mont-saint-aignan"
264,"Montpellier","Hérault","Occitanie",285121,5.60,5.9,3.7,4.7,7.7,6.4,7.6,7.0,7.8,"https://www.mavilleideale.fr/villes/montpellier"
265,"Biarritz","Pyrénées-Atlantiques","Nouvelle-Aquitaine",25000,5.60,7.4,6.1,2.9,5.2,7.5,6.6,6.6,7.3,"https://www.mavilleideale.fr/villes/biarritz"
266,"Avignon","Vaucluse","Provence-Alpes-Côte d'Azur",91521,5.60,5.5,4.3,5.7,6.1,5.6,9.0,5.3,5.3,"https://www.mavilleideale.fr/villes/avignon"
267,"Cherbourg-en-Cotentin","Manche","Normandie",80000,5.60,5.7,5.3,6.4,4.9,5.9,5.9,5.8,4.8,"https://www.mavilleideale.fr/villes/cherbourg"
268,"Rodez","Aveyron","Occitanie",25000,5.60,6.2,6.1,6.7,4.0,6.4,5.9,5.8,3.8,"https://www.mavilleideale.fr/villes/rodez"
269,"Millau","Aveyron","Occitanie",22100,5.60,6.2,6.3,6.6,3.7,7.5,5.5,5.3,4.3,"https://www.mavilleideale.fr/villes/millau"
270,"Hyères","Var","Provence-Alpes-Côte d'Azur",57000,5.60,6.2,5.1,4.6,4.9,7.2,5.9,5.3,5.3,"https://www.mavilleideale.fr/villes/hyeres"
271,"Aurillac","Cantal","Auvergne-Rhône-Alpes",26000,5.60,6.2,6.1,6.7,4.0,7.2,5.5,5.3,3.8,"https://www.mavilleideale.fr/villes/aurillac"
272,"Vitry-sur-Seine","Val-de-Marne","Île-de-France",88000,5.60,4.9,4.7,5.0,9.0,4.3,6.6,5.5,7.5,"https://www.mavilleideale.fr/villes/vitry-sur-seine"
273,"Mont-de-Marsan","Landes","Nouvelle-Aquitaine",32000,5.60,5.9,5.7,6.2,4.6,5.6,5.5,5.8,4.8,"https://www.mavilleideale.fr/villes/mont-de-marsan"
274,"Manosque","Alpes-de-Haute-Provence","Provence-Alpes-Côte d'Azur",22000,5.60,5.9,5.3,5.9,4.6,6.7,5.5,5.3,4.8,"https://www.mavilleideale.fr/villes/manosque"
275,"Verdun","Meuse","Grand Est",17000,5.60,5.9,7.0,8.5,3.4,5.7,6.9,4.5,3.8,"https://www.mavilleideale.fr/villes/verdun"
276,"Honfleur","Calvados","Normandie",7000,5.60,6.6,6.3,5.3,3.7,7.0,7.3,5.3,4.8,"https://www.mavilleideale.fr/villes/honfleur"
277,"Granville","Manche","Normandie",13500,5.60,6.2,6.1,5.9,4.0,7.0,5.5,5.3,4.8,"https://www.mavilleideale.fr/villes/granville"
278,"Oyonnax","Ain","Auvergne-Rhône-Alpes",22500,5.60,4.9,6.5,7.6,4.2,5.7,4.2,6.6,5.1,"https://www.mavilleideale.fr/villes/oyonnax"
279,"Cluses","Haute-Savoie","Auvergne-Rhône-Alpes",18000,5.60,5.9,5.7,5.0,4.6,7.8,4.8,5.3,4.8,"https://www.mavilleideale.fr/villes/cluses"
280,"Romilly-sur-Seine","Aube","Grand Est",15100,5.60,4.9,6.5,8.0,4.9,5.7,4.2,5.5,5.1,"https://www.mavilleideale.fr/villes/romilly-sur-seine"
281,"Olivet","Loiret","Centre-Val de Loire",22000,5.60,6.2,6.0,5.0,6.4,5.7,4.2,6.6,5.8,"https://www.mavilleideale.fr/villes/olivet"
282,"Palaiseau","Essonne","Île-de-France",33000,5.60,5.9,4.8,4.1,7.0,5.0,5.7,7.7,7.5,"https://www.mavilleideale.fr/villes/palaiseau"
283,"Sainte-Foy-lès-Lyon","Métropole de Lyon","Auvergne-Rhône-Alpes",22000,5.60,6.4,6.5,4.1,5.6,5.7,4.2,7.7,5.8,"https://www.mavilleideale.fr/villes/sainte-foy-les-lyon"
284,"Le Havre","Seine-Maritime","Normandie",172074,5.50,5.1,4.5,6.3,6.2,5.0,6.2,5.8,5.3,"https://www.mavilleideale.fr/villes/le-havre"
285,"Saint-Étienne","Loire","Auvergne-Rhône-Alpes",171961,5.50,4.9,4.3,7.1,6.7,5.9,5.9,5.8,4.8,"https://www.mavilleideale.fr/villes/saint-etienne"
286,"Cahors","Lot","Occitanie",20000,5.50,6.2,5.7,6.4,4.0,6.4,6.6,5.3,3.8,"https://www.mavilleideale.fr/villes/cahors"
287,"Carcassonne","Aude","Occitanie",47000,5.50,5.5,4.5,6.2,4.9,5.6,7.6,5.3,4.8,"https://www.mavilleideale.fr/villes/carcassonne"
288,"Châlons-en-Champagne","Marne","Grand Est",43000,5.50,5.5,5.7,6.7,6.2,5.0,6.6,6.2,3.8,"https://www.mavilleideale.fr/villes/chalons-en-champagne"
289,"Sarlat-la-Canéda","Dordogne","Nouvelle-Aquitaine",9500,5.50,6.6,6.1,5.9,3.4,7.0,7.6,5.3,3.8,"https://www.mavilleideale.fr/villes/sarlat-la-caneda"
290,"Saint-Cloud","Hauts-de-Seine","Île-de-France",29800,5.50,7.4,6.5,2.2,7.1,6.4,5.1,8.7,7.5,"https://www.mavilleideale.fr/villes/saint-cloud"
291,"Caluire-et-Cuire","Métropole de Lyon","Auvergne-Rhône-Alpes",42000,5.50,6.8,5.7,3.3,7.2,5.7,5.7,7.7,6.8,"https://www.mavilleideale.fr/villes/caluire-et-cuire"
292,"Talence","Gironde","Nouvelle-Aquitaine",43000,5.50,5.9,5.2,3.6,8.1,4.3,6.6,7.7,6.8,"https://www.mavilleideale.fr/villes/talence"
293,"Le Bouscat","Gironde","Nouvelle-Aquitaine",23700,5.50,6.8,6.0,3.6,7.1,5.0,5.1,7.0,6.8,"https://www.mavilleideale.fr/villes/le-bouscat"
294,"Vertou","Loire-Atlantique","Pays de la Loire",25000,5.50,6.2,5.8,4.6,4.9,6.4,4.2,6.6,5.8,"https://www.mavilleideale.fr/villes/vertou"
295,"Yerres","Essonne","Île-de-France",30000,5.50,5.9,5.1,4.0,7.0,5.7,5.7,6.6,6.3,"https://www.mavilleideale.fr/villes/yerres"
296,"Nice","Alpes-Maritimes","Provence-Alpes-Côte d'Azur",342669,5.40,6.2,5.1,3.3,6.7,7.4,7.6,5.3,6.3,"https://www.mavilleideale.fr/villes/nice"
297,"Dunkerque","Nord","Hauts-de-France",90000,5.40,5.3,4.5,6.4,6.1,5.0,5.9,5.8,4.8,"https://www.mavilleideale.fr/villes/dunkerque"
298,"Sète","Hérault","Occitanie",46000,5.40,5.9,4.5,5.3,4.9,6.4,7.3,4.5,4.8,"https://www.mavilleideale.fr/villes/sete"
299,"Figeac","Lot","Occitanie",9800,5.40,6.2,6.1,6.4,3.7,6.4,5.9,5.3,3.8,"https://www.mavilleideale.fr/villes/figeac"
300,"Salon-de-Provence","Bouches-du-Rhône","Provence-Alpes-Côte d'Azur",46000,5.40,5.5,4.7,5.5,5.2,5.6,6.6,5.3,4.8,"https://www.mavilleideale.fr/villes/salon-de-provence"
301,"Douai","Nord","Hauts-de-France",40000,5.40,5.3,4.7,6.4,6.4,4.2,6.2,5.8,5.3,"https://www.mavilleideale.fr/villes/douai"
302,"Châteauroux","Indre","Centre-Val de Loire",43000,5.40,5.5,5.3,7.1,4.6,5.0,5.5,5.3,4.3,"https://www.mavilleideale.fr/villes/chateauroux"
303,"Noisy-le-Grand","Seine-Saint-Denis","Île-de-France",66000,5.40,5.9,3.7,5.4,9.0,5.0,5.7,6.6,7.5,"https://www.mavilleideale.fr/villes/noisy-le-grand"
304,"Dax","Landes","Nouvelle-Aquitaine",21000,5.40,5.7,5.5,6.2,4.6,5.9,5.5,5.3,4.3,"https://www.mavilleideale.fr/villes/dax"
305,"Digne-les-Bains","Alpes-de-Haute-Provence","Provence-Alpes-Côte d'Azur",17000,5.40,5.9,5.7,5.9,4.0,7.2,5.5,5.3,4.3,"https://www.mavilleideale.fr/villes/digne-les-bains"
306,"Pessac","Gironde","Nouvelle-Aquitaine",64000,5.40,5.9,4.9,4.0,7.7,5.0,5.7,6.6,6.8,"https://www.mavilleideale.fr/villes/pessac"
307,"Rezé","Loire-Atlantique","Pays de la Loire",42000,5.40,5.5,4.7,4.4,7.7,5.0,5.7,5.5,6.3,"https://www.mavilleideale.fr/villes/reze"
308,"Laxou","Meurthe-et-Moselle","Grand Est",14500,5.40,5.9,6.0,5.0,6.4,5.0,3.9,6.6,5.8,"https://www.mavilleideale.fr/villes/laxou"
309,"Saint-Genis-Laval","Métropole de Lyon","Auvergne-Rhône-Alpes",21500,5.40,5.9,6.0,4.6,6.4,5.0,4.2,6.6,5.8,"https://www.mavilleideale.fr/villes/saint-genis-laval"
310,"Amiens","Somme","Hauts-de-France",134057,5.30,5.1,4.5,6.4,6.1,4.2,6.6,6.6,4.8,"https://www.mavilleideale.fr/villes/amiens"
311,"Bergerac","Dordogne","Nouvelle-Aquitaine",26000,5.30,5.7,5.5,6.4,4.0,5.9,5.9,5.3,4.3,"https://www.mavilleideale.fr/villes/bergerac"
312,"Arcachon","Gironde","Nouvelle-Aquitaine",12000,5.30,6.6,6.3,3.1,4.6,7.8,5.9,5.3,6.3,"https://www.mavilleideale.fr/villes/arcachon"
313,"Lens","Pas-de-Calais","Hauts-de-France",31000,5.30,4.9,4.7,7.6,7.0,4.3,7.5,4.5,3.8,"https://www.mavilleideale.fr/villes/lens"
314,"Évian-les-Bains","Haute-Savoie","Auvergne-Rhône-Alpes",9000,5.30,6.6,6.1,3.6,4.0,8.1,5.5,5.3,5.3,"https://www.mavilleideale.fr/villes/evian-les-bains"
315,"Massy","Essonne","Île-de-France",49600,5.30,4.9,4.8,4.6,9.0,3.0,5.7,6.6,9.0,"https://www.mavilleideale.fr/villes/massy"
316,"Saint-Paul (La Réunion)","La Réunion","La Réunion",105240,5.30,6.8,4.7,4.1,4.0,8.5,5.9,4.9,4.3,"https://www.mavilleideale.fr/villes/saint-paul-reunion"
317,"Saint-Martin-d'Hères","Isère","Auvergne-Rhône-Alpes",38000,5.30,4.3,4.5,4.8,8.4,4.8,5.7,6.2,6.8,"https://www.mavilleideale.fr/villes/saint-martin-d-heres"
318,"Voiron","Isère","Auvergne-Rhône-Alpes",21000,5.30,5.5,5.5,5.4,4.9,6.4,4.2,5.5,5.1,"https://www.mavilleideale.fr/villes/voiron"
319,"Saint-Louis (Haut-Rhin)","Haut-Rhin","Grand Est",22000,5.30,5.5,6.0,5.3,6.4,4.3,4.2,5.5,6.3,"https://www.mavilleideale.fr/villes/saint-louis-haut-rhin"
320,"Allauch","Bouches-du-Rhône","Provence-Alpes-Côte d'Azur",20000,5.30,6.8,4.6,4.7,4.2,7.1,4.2,6.6,5.1,"https://www.mavilleideale.fr/villes/allauch"
321,"Saint-Médard-en-Jalles","Gironde","Nouvelle-Aquitaine",32000,5.30,5.9,5.2,4.0,6.2,5.7,4.8,6.2,6.3,"https://www.mavilleideale.fr/villes/saint-medard-en-jalles"
322,"Saint-Mandé","Val-de-Marne","Île-de-France",22500,5.30,6.8,6.0,2.4,8.6,5.0,6.0,7.7,6.3,"https://www.mavilleideale.fr/villes/saint-mande"
323,"Arles","Bouches-du-Rhône","Provence-Alpes-Côte d'Azur",52548,5.20,5.5,4.1,5.7,4.9,5.9,9.0,4.5,4.3,"https://www.mavilleideale.fr/villes/arles"
324,"Boulogne-sur-Mer","Pas-de-Calais","Hauts-de-France",40682,5.20,5.3,4.3,6.4,5.2,5.6,5.9,5.3,4.3,"https://www.mavilleideale.fr/villes/boulogne-sur-mer"
325,"Clermont-l'Hérault","Hérault","Occitanie",8500,5.20,6.8,6.0,7.2,3.4,7.8,5.1,5.5,2.6,"https://www.mavilleideale.fr/villes/clermont-herault"
326,"Draguignan","Var","Provence-Alpes-Côte d'Azur",40000,5.20,5.5,4.7,5.9,4.6,6.1,5.5,5.3,4.3,"https://www.mavilleideale.fr/villes/draguignan"
327,"Colombes","Hauts-de-Seine","Île-de-France",90000,5.20,5.9,5.7,3.4,8.4,3.6,5.7,6.6,7.5,"https://www.mavilleideale.fr/villes/colombes"
328,"Pontoise","Val-d'Oise","Île-de-France",30200,5.20,5.1,4.3,4.5,7.8,4.5,5.9,5.8,6.3,"https://www.mavilleideale.fr/villes/pontoise"
329,"Privas","Ardèche","Auvergne-Rhône-Alpes",8600,5.20,5.9,5.5,6.4,4.0,7.2,4.8,4.5,3.8,"https://www.mavilleideale.fr/villes/privas"
330,"Porto-Vecchio","Corse-du-Sud","Corse",12000,5.20,6.8,6.8,5.0,3.4,7.8,3.9,3.4,5.1,"https://www.mavilleideale.fr/villes/porto-vecchio"
331,"Corte","Haute-Corse","Corse",7200,5.20,6.2,6.5,6.7,2.7,7.5,5.1,4.9,5.1,"https://www.mavilleideale.fr/villes/corte"
332,"Le Tampon","La Réunion","La Réunion",80684,5.20,6.2,5.5,4.6,3.7,8.4,4.8,5.5,3.8,"https://www.mavilleideale.fr/villes/le-tampon"
333,"Nogent-sur-Marne","Val-de-Marne","Île-de-France",32000,5.20,7.4,5.2,2.2,7.7,5.7,6.6,7.7,6.8,"https://www.mavilleideale.fr/villes/nogent-sur-marne"
334,"Brunoy","Essonne","Île-de-France",26000,5.20,5.5,5.1,4.6,6.4,5.3,4.2,6.2,5.8,"https://www.mavilleideale.fr/villes/brunoy"
335,"Sèvres","Hauts-de-Seine","Île-de-France",23000,5.20,6.8,6.5,2.2,7.1,5.7,6.0,7.7,6.8,"https://www.mavilleideale.fr/villes/sevres"
336,"Nîmes","Gard","Occitanie",153005,5.10,5.1,3.9,5.9,6.1,5.6,7.3,5.3,5.3,"https://www.mavilleideale.fr/villes/nimes"
337,"Agen","Lot-et-Garonne","Nouvelle-Aquitaine",34000,5.10,5.1,4.7,6.4,4.6,5.0,5.5,5.3,4.3,"https://www.mavilleideale.fr/villes/agen"
338,"Martigues","Bouches-du-Rhône","Provence-Alpes-Côte d'Azur",48000,5.10,5.1,4.3,6.0,5.5,5.9,5.5,4.9,4.8,"https://www.mavilleideale.fr/villes/martigues"
339,"Valenciennes","Nord","Hauts-de-France",44000,5.10,5.1,4.3,6.4,6.1,4.2,6.2,5.8,4.8,"https://www.mavilleideale.fr/villes/valenciennes"
340,"Paris","Paris","Île-de-France",2161000,5.10,5.5,3.9,2.2,9.0,2.3,9.0,7.9,9.0,"https://www.mavilleideale.fr/villes/paris"
341,"Fort-de-France","Martinique","Martinique",75516,5.10,5.7,4.2,4.1,4.7,7.5,6.9,5.1,4.6,"https://www.mavilleideale.fr/villes/fort-de-france"
342,"Saint-Maur-des-Fossés","Val-de-Marne","Île-de-France",75500,5.10,6.8,5.2,2.8,7.0,5.7,5.7,7.7,6.3,"https://www.mavilleideale.fr/villes/saint-maur-des-fosses"
343,"Bègles","Gironde","Nouvelle-Aquitaine",28000,5.10,5.5,5.0,4.5,7.1,4.8,4.2,5.5,5.8,"https://www.mavilleideale.fr/villes/begles"
344,"Colomiers","Haute-Garonne","Occitanie",40000,5.10,5.5,4.8,4.8,6.2,4.3,4.4,6.2,6.3,"https://www.mavilleideale.fr/villes/colomiers"
345,"Montigny-le-Bretonneux","Yvelines","Île-de-France",33000,5.10,5.9,5.2,3.4,7.0,5.7,4.8,6.6,6.8,"https://www.mavilleideale.fr/villes/montigny-le-bretonneux"
346,"Guyancourt","Yvelines","Île-de-France",28000,5.10,5.5,5.5,3.8,5.6,5.7,3.9,6.6,6.8,"https://www.mavilleideale.fr/villes/guyancourt"
347,"Le Plessis-Robinson","Hauts-de-Seine","Île-de-France",30000,5.10,6.8,6.2,2.2,7.0,5.7,5.7,7.7,6.8,"https://www.mavilleideale.fr/villes/le-plessis-robinson"
348,"Torcy","Seine-et-Marne","Île-de-France",23000,5.10,4.9,5.2,5.0,7.1,4.3,4.2,5.5,6.3,"https://www.mavilleideale.fr/villes/torcy"
349,"Noisiel","Seine-et-Marne","Île-de-France",16000,5.10,4.9,5.0,5.3,6.4,5.3,4.2,5.5,5.8,"https://www.mavilleideale.fr/villes/noisiel"
350,"Sceaux","Hauts-de-Seine","Île-de-France",20000,5.10,6.8,6.5,2.2,7.1,4.3,6.0,9.0,6.3,"https://www.mavilleideale.fr/villes/sceaux"
351,"Toulon","Var","Provence-Alpes-Côte d'Azur",176198,5.00,5.1,4.1,5.5,5.5,7.0,6.2,4.5,4.8,"https://www.mavilleideale.fr/villes/toulon"
352,"Évreux","Eure","Normandie",50000,5.00,4.9,4.7,6.3,6.2,5.0,5.7,5.5,3.8,"https://www.mavilleideale.fr/villes/evreux"
353,"Antibes","Alpes-Maritimes","Provence-Alpes-Côte d'Azur",75000,5.00,6.2,5.1,3.3,5.2,7.0,6.6,5.3,5.3,"https://www.mavilleideale.fr/villes/antibes"
354,"Argenteuil","Val-d'Oise","Île-de-France",108000,5.00,4.9,3.9,5.9,8.4,4.3,5.7,5.5,6.3,"https://www.mavilleideale.fr/villes/argenteuil"
355,"Meaux","Seine-et-Marne","Île-de-France",55200,5.00,5.1,4.1,4.5,7.5,4.2,6.2,5.8,6.3,"https://www.mavilleideale.fr/villes/meaux"
356,"Baie-Mahault","Guadeloupe","Guadeloupe",30923,5.00,5.3,4.5,4.3,4.3,7.4,5.7,4.9,4.3,"https://www.mavilleideale.fr/villes/baie-mahault"
357,"Mérignac","Gironde","Nouvelle-Aquitaine",74000,5.00,5.5,4.7,4.0,7.7,4.3,4.8,5.5,6.3,"https://www.mavilleideale.fr/villes/merignac"
358,"Saint-Herblain","Loire-Atlantique","Pays de la Loire",47000,5.00,4.9,4.5,4.4,7.7,4.3,4.8,5.5,5.8,"https://www.mavilleideale.fr/villes/saint-herblain"
359,"Le Perreux-sur-Marne","Val-de-Marne","Île-de-France",33000,5.00,6.8,5.2,2.4,7.7,5.7,5.7,7.7,6.8,"https://www.mavilleideale.fr/villes/le-perreux-sur-marne"
360,"Draveil","Essonne","Île-de-France",30000,5.00,4.9,4.8,4.6,5.5,5.7,4.4,5.5,5.1,"https://www.mavilleideale.fr/villes/draveil"
361,"Pontault-Combault","Seine-et-Marne","Île-de-France",38000,5.00,4.9,4.9,4.6,6.2,5.0,4.4,5.5,5.1,"https://www.mavilleideale.fr/villes/pontault-combault"
362,"Fréjus","Var","Provence-Alpes-Côte d'Azur",55500,4.90,5.5,4.7,4.5,4.6,6.4,5.5,4.1,4.3,"https://www.mavilleideale.fr/villes/frejus"
363,"Ajaccio","Corse-du-Sud","Corse",70000,4.90,5.5,4.3,5.0,4.0,7.5,6.6,4.1,3.8,"https://www.mavilleideale.fr/villes/ajaccio"
364,"Alès","Gard","Occitanie",42000,4.90,5.1,4.1,6.4,4.6,5.9,5.9,4.5,4.3,"https://www.mavilleideale.fr/villes/ales"
365,"Narbonne","Aude","Occitanie",55000,4.90,5.1,4.1,5.9,4.9,5.9,6.2,4.5,4.8,"https://www.mavilleideale.fr/villes/narbonne"
366,"Antony","Hauts-de-Seine","Île-de-France",63100,4.90,6.2,5.2,2.6,7.7,5.0,4.8,7.7,6.8,"https://www.mavilleideale.fr/villes/antony"
367,"Fontenay-sous-Bois","Val-de-Marne","Île-de-France",52600,4.90,5.9,4.7,2.8,8.4,5.7,5.1,6.2,6.8,"https://www.mavilleideale.fr/villes/fontenay-sous-bois"
368,"Blagnac","Haute-Garonne","Occitanie",26000,4.90,5.5,5.1,5.0,6.4,3.6,4.2,5.5,6.8,"https://www.mavilleideale.fr/villes/blagnac"
369,"Schiltigheim","Bas-Rhin","Grand Est",33000,4.90,4.9,4.7,4.8,7.7,3.6,5.7,4.9,6.3,"https://www.mavilleideale.fr/villes/schiltigheim"
370,"Vandœuvre-lès-Nancy","Meurthe-et-Moselle","Grand Est",30000,4.90,4.0,4.5,5.4,7.7,4.3,4.8,5.5,5.8,"https://www.mavilleideale.fr/villes/vandoeuvre-les-nancy"
371,"Pertuis","Vaucluse","Provence-Alpes-Côte d'Azur",22000,4.90,5.5,4.9,5.3,4.2,6.4,4.2,4.5,4.3,"https://www.mavilleideale.fr/villes/pertuis"
372,"Melun","Seine-et-Marne","Île-de-France",40000,4.90,4.9,4.1,4.6,7.5,4.5,5.9,5.3,6.3,"https://www.mavilleideale.fr/villes/melun"
373,"Bois-Colombes","Hauts-de-Seine","Île-de-France",29500,4.90,6.2,6.5,2.6,7.1,3.6,5.1,7.7,6.3,"https://www.mavilleideale.fr/villes/bois-colombes"
374,"Saint-Leu-la-Forêt","Val-d'Oise","Île-de-France",16000,4.90,5.9,5.2,4.6,4.9,6.4,3.3,6.6,5.1,"https://www.mavilleideale.fr/villes/saint-leu-la-foret"
375,"Sallanches","Haute-Savoie","Auvergne-Rhône-Alpes",16500,4.90,5.9,6.6,3.4,4.9,7.1,3.3,5.5,5.1,"https://www.mavilleideale.fr/villes/sallanches"
376,"Vernon","Eure","Normandie",24000,4.90,4.9,5.2,5.4,4.9,5.0,5.1,4.9,4.3,"https://www.mavilleideale.fr/villes/vernon"
377,"Cannes","Alpes-Maritimes","Provence-Alpes-Côte d'Azur",73000,4.80,5.9,4.5,3.1,5.5,7.0,7.3,4.5,5.3,"https://www.mavilleideale.fr/villes/cannes"
378,"Créteil","Val-de-Marne","Île-de-France",91000,4.80,4.9,4.1,4.0,9.0,3.6,6.2,5.3,7.3,"https://www.mavilleideale.fr/villes/creteil"
379,"Vierzon","Cher","Centre-Val de Loire",26000,4.80,5.1,4.5,7.1,4.9,4.8,4.8,4.5,3.8,"https://www.mavilleideale.fr/villes/vierzon"
380,"Joué-lès-Tours","Indre-et-Loire","Centre-Val de Loire",36000,4.80,4.3,4.5,5.0,7.0,4.3,4.4,4.5,5.8,"https://www.mavilleideale.fr/villes/joue-les-tours"
381,"Fontaine","Isère","Auvergne-Rhône-Alpes",23000,4.80,4.3,4.8,5.4,7.1,5.0,3.9,4.5,5.8,"https://www.mavilleideale.fr/villes/fontaine"
382,"Chelles","Seine-et-Marne","Île-de-France",55000,4.80,4.5,4.7,4.6,7.0,4.3,4.4,4.9,5.8,"https://www.mavilleideale.fr/villes/chelles"
383,"Bourg-la-Reine","Hauts-de-Seine","Île-de-France",21000,4.80,6.2,6.5,2.2,7.8,3.6,4.2,8.7,6.3,"https://www.mavilleideale.fr/villes/bourg-la-reine"
384,"Montmorency","Val-d'Oise","Île-de-France",22000,4.80,5.5,4.7,4.6,4.9,5.0,5.1,6.6,3.8,"https://www.mavilleideale.fr/villes/montmorency"
385,"Le Chesnay-Rocquencourt","Yvelines","Île-de-France",32000,4.80,5.9,6.2,2.5,5.5,5.0,6.6,7.7,5.1,"https://www.mavilleideale.fr/villes/le-chesnay-rocquencourt"
386,"Montigny-lès-Metz","Moselle","Grand Est",21000,4.80,4.9,5.5,5.3,6.4,3.6,4.2,6.2,5.1,"https://www.mavilleideale.fr/villes/montigny-les-metz"
387,"Perpignan","Pyrénées-Orientales","Occitanie",121875,4.70,4.9,3.7,6.2,5.5,6.1,6.2,4.5,4.8,"https://www.mavilleideale.fr/villes/perpignan"
388,"Montreuil","Seine-Saint-Denis","Île-de-France",108000,4.70,5.1,3.9,3.8,9.0,2.8,7.3,5.3,7.8,"https://www.mavilleideale.fr/villes/montreuil"
389,"Nanterre","Hauts-de-Seine","Île-de-France",96000,4.70,4.9,4.1,3.3,9.0,3.1,6.6,5.8,7.8,"https://www.mavilleideale.fr/villes/nanterre"
390,"Calvi","Haute-Corse","Corse",5500,4.70,6.8,6.8,5.3,2.7,7.8,4.2,2.4,3.8,"https://www.mavilleideale.fr/villes/calvi"
391,"Le Lamentin","Martinique","Martinique",38821,4.70,5.1,4.5,4.3,4.0,7.0,5.7,5.1,3.8,"https://www.mavilleideale.fr/villes/le-lamentin"
392,"Suresnes","Hauts-de-Seine","Île-de-France",49500,4.70,6.2,5.2,2.2,8.1,5.0,5.1,6.6,7.5,"https://www.mavilleideale.fr/villes/suresnes"
393,"Maisons-Alfort","Val-de-Marne","Île-de-France",54600,4.70,5.5,4.7,3.1,8.4,3.6,4.8,6.2,6.8,"https://www.mavilleideale.fr/villes/maisons-alfort"
394,"Conflans-Sainte-Honorine","Yvelines","Île-de-France",37000,4.70,4.9,4.9,3.4,6.7,5.7,4.8,5.5,5.8,"https://www.mavilleideale.fr/villes/conflans-sainte-honorine"
395,"Forbach","Moselle","Grand Est",21000,4.70,4.7,4.1,6.7,5.5,4.8,5.1,4.5,4.3,"https://www.mavilleideale.fr/villes/forbach"
396,"La Garenne-Colombes","Hauts-de-Seine","Île-de-France",30000,4.70,6.2,6.2,2.2,7.7,3.6,5.7,7.7,6.3,"https://www.mavilleideale.fr/villes/la-garenne-colombes"
397,"Évry-Courcouronnes","Essonne","Île-de-France",70000,4.60,4.7,3.7,4.6,7.8,4.2,5.9,5.3,6.3,"https://www.mavilleideale.fr/villes/evry-courcouronnes"
398,"Mauriac","Cantal","Auvergne-Rhône-Alpes",3900,4.60,3.8,8.5,8.5,2.2,7.1,2.5,2.2,2.2,"https://www.mavilleideale.fr/villes/mauriac"
399,"Cernay","Haut-Rhin","Grand Est",11400,4.60,4.9,5.8,6.3,3.4,5.7,3.3,4.9,3.8,"https://www.mavilleideale.fr/villes/cernay"
400,"Six-Fours-les-Plages","Var","Provence-Alpes-Côte d'Azur",35000,4.60,6.2,5.2,3.0,5.5,7.1,4.4,4.5,5.1,"https://www.mavilleideale.fr/villes/six-fours-les-plages"
401,"Meyzieu","Métropole de Lyon","Auvergne-Rhône-Alpes",33000,4.60,4.3,4.5,4.8,7.0,5.0,3.9,4.5,5.1,"https://www.mavilleideale.fr/villes/meyzieu"
402,"Villenave-d'Ornon","Gironde","Nouvelle-Aquitaine",35000,4.60,4.9,4.7,4.0,7.0,4.3,3.9,4.9,5.8,"https://www.mavilleideale.fr/villes/villenave-d-ornon"
403,"Lanester","Morbihan","Bretagne",23000,4.60,4.0,5.7,6.3,4.9,4.3,3.9,4.5,4.3,"https://www.mavilleideale.fr/villes/lanester"
404,"Sainte-Geneviève-des-Bois","Essonne","Île-de-France",37000,4.60,4.5,4.3,4.6,6.2,4.3,4.4,5.1,5.6,"https://www.mavilleideale.fr/villes/sainte-genevieve-des-bois"
405,"Charenton-le-Pont","Val-de-Marne","Île-de-France",30500,4.60,5.9,5.2,2.4,9.0,3.6,5.7,6.6,6.3,"https://www.mavilleideale.fr/villes/charenton-le-pont"
406,"Cachan","Val-de-Marne","Île-de-France",30000,4.60,5.5,4.7,2.8,7.7,3.0,6.6,7.7,6.3,"https://www.mavilleideale.fr/villes/cachan"
407,"Vélizy-Villacoublay","Yvelines","Île-de-France",22000,4.60,5.5,6.0,2.9,5.6,4.3,5.1,6.6,6.3,"https://www.mavilleideale.fr/villes/velizy-villacoublay"
408,"Riedisheim","Haut-Rhin","Grand Est",12500,4.60,4.9,5.8,5.4,5.6,4.3,3.3,5.5,4.3,"https://www.mavilleideale.fr/villes/riedisheim"
409,"Oullins-Pierre-Bénite","Métropole de Lyon","Auvergne-Rhône-Alpes",37000,4.60,4.9,4.7,4.6,7.7,3.6,4.4,5.5,5.1,"https://www.mavilleideale.fr/villes/oullins-pierre-benite"
410,"Crépy-en-Valois","Oise","Hauts-de-France",15000,4.60,4.5,5.2,5.9,4.9,5.0,3.9,4.5,3.8,"https://www.mavilleideale.fr/villes/crepy-en-valois"
411,"Vénissieux","Métropole de Lyon","Auvergne-Rhône-Alpes",62800,4.50,4.0,4.2,5.9,8.4,3.0,5.7,4.5,7.5,"https://www.mavilleideale.fr/villes/venissieux"
412,"Pointe-à-Pitre","Guadeloupe","Guadeloupe",14837,4.50,4.9,4.0,4.6,4.2,7.1,6.0,4.1,3.8,"https://www.mavilleideale.fr/villes/pointe-a-pitre"
413,"Mandelieu-la-Napoule","Alpes-Maritimes","Provence-Alpes-Côte d'Azur",22000,4.50,6.8,5.6,2.3,4.9,7.1,4.2,5.5,5.1,"https://www.mavilleideale.fr/villes/mandelieu-la-napoule"
414,"Lingolsheim","Bas-Rhin","Grand Est",18000,4.50,4.9,5.0,5.4,6.4,4.3,3.3,4.5,5.8,"https://www.mavilleideale.fr/villes/lingolsheim"
415,"Puteaux","Hauts-de-Seine","Île-de-France",45000,4.50,5.9,5.2,2.2,9.0,2.3,5.7,6.6,7.5,"https://www.mavilleideale.fr/villes/puteaux"
416,"Kingersheim","Haut-Rhin","Grand Est",13000,4.50,4.5,5.5,5.4,5.6,3.6,4.2,5.1,3.8,"https://www.mavilleideale.fr/villes/kingersheim"
417,"Calais","Pas-de-Calais","Hauts-de-France",72000,4.40,4.5,3.7,6.4,6.1,4.2,5.5,4.5,4.3,"https://www.mavilleideale.fr/villes/calais"
418,"Bastia","Haute-Corse","Corse",45000,4.40,5.1,4.1,5.3,4.0,7.2,6.2,3.6,3.3,"https://www.mavilleideale.fr/villes/bastia"
419,"Fleurance","Gers","Occitanie",6500,4.40,5.5,6.8,7.6,2.2,6.1,3.9,2.8,3.8,"https://www.mavilleideale.fr/villes/fleurance"
420,"Ribérac","Dordogne","Nouvelle-Aquitaine",4100,4.40,4.9,7.5,7.8,2.2,6.4,3.3,2.2,3.8,"https://www.mavilleideale.fr/villes/riberac"
421,"Sarreguemines","Moselle","Grand Est",21000,4.40,4.0,5.0,6.7,4.2,4.3,4.2,4.1,3.8,"https://www.mavilleideale.fr/villes/sarreguemines"
422,"Hérouville-Saint-Clair","Calvados","Normandie",23000,4.40,3.6,4.5,5.9,7.1,3.6,4.2,4.5,5.1,"https://www.mavilleideale.fr/villes/herouville-saint-clair"
423,"Savigny-sur-Orge","Essonne","Île-de-France",37000,4.40,4.3,4.1,4.6,7.0,4.3,3.9,4.9,5.8,"https://www.mavilleideale.fr/villes/savigny-sur-orge"
424,"Savigny-le-Temple","Seine-et-Marne","Île-de-France",30000,4.40,4.0,4.5,5.0,6.2,4.3,3.9,4.5,5.1,"https://www.mavilleideale.fr/villes/savigny-le-temple"
425,"Combs-la-Ville","Seine-et-Marne","Île-de-France",22000,4.40,4.3,5.0,5.3,5.6,5.0,3.3,4.9,5.1,"https://www.mavilleideale.fr/villes/combs-la-ville"
426,"Châtenay-Malabry","Hauts-de-Seine","Île-de-France",33500,4.40,5.5,5.2,2.6,6.2,5.0,4.8,6.6,5.1,"https://www.mavilleideale.fr/villes/chatenay-malabry"
427,"Béziers","Hérault","Occitanie",78000,4.30,4.7,3.5,6.4,4.9,5.6,6.6,3.6,3.8,"https://www.mavilleideale.fr/villes/beziers"
428,"Saint-Chély-d'Apcher","Lozère","Occitanie",5000,4.30,4.1,8.2,8.5,2.2,6.1,2.5,2.2,2.2,"https://www.mavilleideale.fr/villes/saint-chely-d-apcher"
429,"Clamecy","Nièvre","Bourgogne-Franche-Comté",4800,4.30,4.5,6.8,8.5,2.7,5.9,3.3,2.4,2.8,"https://www.mavilleideale.fr/villes/clamecy"
430,"Sartène","Corse-du-Sud","Corse",7000,4.30,5.9,6.5,6.3,2.2,7.5,4.2,2.2,2.6,"https://www.mavilleideale.fr/villes/sartene"
431,"Les Abymes","Guadeloupe","Guadeloupe",53491,4.30,4.7,3.9,4.1,4.0,7.2,5.7,4.5,3.8,"https://www.mavilleideale.fr/villes/les-abymes"
432,"Plaisir","Yvelines","Île-de-France",31000,4.30,4.3,4.9,3.4,6.2,4.8,3.9,5.5,5.1,"https://www.mavilleideale.fr/villes/plaisir"
433,"Fleury-les-Aubrais","Loiret","Centre-Val de Loire",21000,4.30,4.0,4.8,5.4,7.1,3.6,3.3,4.5,5.8,"https://www.mavilleideale.fr/villes/fleury-les-aubrais"
434,"Arcueil","Val-de-Marne","Île-de-France",22000,4.30,4.9,4.5,3.7,7.8,3.0,5.1,5.5,5.1,"https://www.mavilleideale.fr/villes/arcueil"
435,"Eaubonne","Val-d'Oise","Île-de-France",25500,4.30,4.9,4.7,5.0,5.6,4.3,3.3,5.5,3.8,"https://www.mavilleideale.fr/villes/eaubonne"
436,"Élancourt","Yvelines","Île-de-France",27000,4.30,4.9,5.5,3.8,4.2,5.0,3.3,5.5,5.1,"https://www.mavilleideale.fr/villes/elancourt"
437,"Pantin","Seine-Saint-Denis","Île-de-France",57000,4.20,4.7,3.7,3.6,9.0,2.8,5.9,5.3,7.8,"https://www.mavilleideale.fr/villes/pantin"
438,"Delle","Territoire de Belfort","Bourgogne-Franche-Comté",6800,4.20,4.3,6.8,7.0,4.2,4.8,2.5,2.8,3.8,"https://www.mavilleideale.fr/villes/delle"
439,"Poissy","Yvelines","Île-de-France",39000,4.20,4.3,4.5,3.4,7.0,4.3,4.4,4.9,5.1,"https://www.mavilleideale.fr/villes/poissy"
440,"Le Cannet","Alpes-Maritimes","Provence-Alpes-Côte d'Azur",43000,4.20,5.9,4.8,2.3,6.7,5.0,5.7,4.9,5.8,"https://www.mavilleideale.fr/villes/le-cannet"
441,"Décines-Charpieu","Métropole de Lyon","Auvergne-Rhône-Alpes",28000,4.20,4.0,4.5,5.3,6.4,4.3,3.3,4.1,5.1,"https://www.mavilleideale.fr/villes/decines-charpieu"
442,"Bischheim","Bas-Rhin","Grand Est",18000,4.20,4.0,4.8,5.6,7.1,3.0,3.9,4.5,5.8,"https://www.mavilleideale.fr/villes/bischheim"
443,"Chenôve","Côte-d'Or","Bourgogne-Franche-Comté",14000,4.20,3.6,4.5,5.9,6.4,4.3,3.3,4.1,5.1,"https://www.mavilleideale.fr/villes/chenove"
444,"Houilles","Yvelines","Île-de-France",32000,4.20,4.9,4.7,2.7,7.7,4.3,3.9,5.5,6.3,"https://www.mavilleideale.fr/villes/houilles"
445,"Trélazé","Maine-et-Loire","Pays de la Loire",16000,4.20,3.6,5.2,6.3,6.4,3.6,3.3,4.1,4.3,"https://www.mavilleideale.fr/villes/trelaze"
446,"Jarnac","Charente","Nouvelle-Aquitaine",5500,4.10,4.5,7.0,7.8,2.2,5.7,3.3,2.4,3.3,"https://www.mavilleideale.fr/villes/jarnac"
447,"Asnières-sur-Seine","Hauts-de-Seine","Île-de-France",87000,4.10,5.5,4.7,2.2,8.4,3.0,5.1,5.5,6.8,"https://www.mavilleideale.fr/villes/asnieres-sur-seine"
448,"Cugnaux","Haute-Garonne","Occitanie",18000,4.10,4.9,5.4,5.4,4.2,4.8,2.5,5.5,5.1,"https://www.mavilleideale.fr/villes/cugnaux"
449,"Châtillon","Hauts-de-Seine","Île-de-France",37000,4.10,4.9,5.2,2.6,8.4,3.0,4.8,5.5,5.1,"https://www.mavilleideale.fr/villes/chatillon-92"
450,"Soisy-sous-Montmorency","Val-d'Oise","Île-de-France",18000,4.10,4.3,4.7,5.0,4.9,4.3,3.3,5.5,3.8,"https://www.mavilleideale.fr/villes/soisy-sous-montmorency"
451,"Saint-Omer","Pas-de-Calais","Hauts-de-France",14000,4.10,4.3,5.0,5.9,4.2,5.7,5.1,4.5,2.6,"https://www.mavilleideale.fr/villes/saint-omer"
452,"Bellac","Haute-Vienne","Nouvelle-Aquitaine",4200,4.00,4.3,7.0,7.8,2.2,5.6,2.8,2.2,2.6,"https://www.mavilleideale.fr/villes/bellac"
453,"Sartrouville","Yvelines","Île-de-France",52600,4.00,4.0,4.2,3.4,7.7,3.6,3.9,4.9,5.8,"https://www.mavilleideale.fr/villes/sartrouville"
454,"Wittenheim","Haut-Rhin","Grand Est",14600,4.00,3.6,4.8,6.3,4.9,3.6,3.3,4.1,3.8,"https://www.mavilleideale.fr/villes/wittenheim"
455,"Malakoff","Hauts-de-Seine","Île-de-France",31000,4.00,4.9,5.2,2.6,8.4,2.3,5.7,5.5,5.1,"https://www.mavilleideale.fr/villes/malakoff"
456,"Le Kremlin-Bicêtre","Val-de-Marne","Île-de-France",28000,4.00,4.9,4.5,3.7,8.6,2.3,5.1,5.5,5.1,"https://www.mavilleideale.fr/villes/le-kremlin-bicetre"
457,"Hazebrouck","Nord","Hauts-de-France",22000,4.00,4.0,4.4,5.9,5.6,4.3,3.3,4.5,3.3,"https://www.mavilleideale.fr/villes/hazebrouck"
458,"Ambérieu-en-Bugey","Ain","Auvergne-Rhône-Alpes",14500,4.00,4.0,5.0,5.9,6.1,5.0,2.5,4.1,4.3,"https://www.mavilleideale.fr/villes/amberieu-en-bugey"
459,"Sotteville-lès-Rouen","Seine-Maritime","Normandie",28500,4.00,4.0,4.8,5.4,6.4,3.0,4.2,4.5,4.3,"https://www.mavilleideale.fr/villes/sotteville-les-rouen"
460,"Le Grand-Quevilly","Seine-Maritime","Normandie",25000,4.00,4.0,5.0,5.4,6.1,3.0,3.9,4.5,4.3,"https://www.mavilleideale.fr/villes/le-grand-quevilly"
461,"Méru","Oise","Hauts-de-France",14000,4.00,3.6,4.8,5.9,5.3,4.3,3.3,4.1,3.3,"https://www.mavilleideale.fr/villes/meru"
462,"Cayenne","Guyane","Guyane",65493,3.90,4.5,3.7,4.1,3.3,7.8,5.7,4.1,3.3,"https://www.mavilleideale.fr/villes/cayenne"
463,"Saint-Priest","Métropole de Lyon","Auvergne-Rhône-Alpes",46000,3.90,3.6,4.0,4.8,7.7,3.4,3.9,4.1,5.1,"https://www.mavilleideale.fr/villes/saint-priest"
464,"Saint-Chamond","Loire","Auvergne-Rhône-Alpes",34000,3.90,3.6,4.2,6.4,5.2,4.3,3.9,3.4,3.8,"https://www.mavilleideale.fr/villes/saint-chamond"
465,"Cavaillon","Vaucluse","Provence-Alpes-Côte d'Azur",26000,3.90,4.0,3.9,5.9,4.2,5.7,4.2,3.4,3.8,"https://www.mavilleideale.fr/villes/cavaillon"
466,"Viry-Châtillon","Essonne","Île-de-France",31000,3.90,3.6,3.8,4.8,7.0,3.6,3.9,4.1,5.1,"https://www.mavilleideale.fr/villes/viry-chatillon"
467,"Le Robert (Martinique)","Martinique","Martinique",21000,3.90,4.3,4.8,5.4,2.7,7.8,3.9,3.4,2.6,"https://www.mavilleideale.fr/villes/le-robert"
468,"Rillieux-la-Pape","Métropole de Lyon","Auvergne-Rhône-Alpes",30000,3.90,3.6,4.2,5.0,6.2,3.6,3.9,4.5,3.8,"https://www.mavilleideale.fr/villes/rillieux-la-pape"
469,"Marseille","Bouches-du-Rhône","Provence-Alpes-Côte d'Azur",870731,3.80,4.1,2.7,5.4,6.1,7.0,9.0,2.4,4.3,"https://www.mavilleideale.fr/villes/marseille"
470,"Ermont","Val-d'Oise","Île-de-France",28725,3.80,4.0,4.0,5.0,7.1,3.6,2.8,4.9,5.8,"https://www.mavilleideale.fr/villes/ermont"
471,"Firminy","Loire","Auvergne-Rhône-Alpes",17000,3.80,3.0,4.5,7.2,4.2,4.3,5.1,2.8,3.3,"https://www.mavilleideale.fr/villes/firminy"
472,"Saint-Joseph (Réunion)","La Réunion","La Réunion",37000,3.80,4.0,4.7,5.4,3.3,7.1,4.4,3.4,2.6,"https://www.mavilleideale.fr/villes/saint-joseph-reunion"
473,"Le François (Martinique)","Martinique","Martinique",17500,3.80,4.0,4.8,5.4,2.7,7.8,3.3,3.4,2.6,"https://www.mavilleideale.fr/villes/le-francois"
474,"Domont","Val-d'Oise","Île-de-France",16000,3.80,4.9,4.7,5.0,4.9,4.3,2.5,5.5,3.8,"https://www.mavilleideale.fr/villes/domont"
475,"Maurepas","Yvelines","Île-de-France",19000,3.80,4.9,5.5,3.8,4.2,5.0,2.5,5.5,3.8,"https://www.mavilleideale.fr/villes/maurepas"
476,"Cormeilles-en-Parisis","Val-d'Oise","Île-de-France",26285,3.70,4.0,4.0,5.0,6.7,4.3,2.5,4.9,5.8,"https://www.mavilleideale.fr/villes/cormeilles-en-parisis"
477,"Franconville","Val-d'Oise","Île-de-France",35920,3.70,4.0,3.6,4.8,7.0,4.3,3.0,4.5,5.1,"https://www.mavilleideale.fr/villes/franconville"
478,"Mantes-la-Jolie","Yvelines","Île-de-France",44000,3.70,3.8,3.3,5.0,7.5,3.6,4.8,3.6,5.3,"https://www.mavilleideale.fr/villes/mantes-la-jolie"
479,"Échirolles","Isère","Auvergne-Rhône-Alpes",36000,3.70,3.0,3.7,5.2,7.7,3.6,4.8,3.4,5.1,"https://www.mavilleideale.fr/villes/echirolles"
480,"Athis-Mons","Essonne","Île-de-France",33000,3.70,3.6,3.8,4.8,6.2,3.4,3.9,4.1,5.1,"https://www.mavilleideale.fr/villes/athis-mons"
481,"Saint-Benoît (Réunion)","La Réunion","La Réunion",37000,3.70,3.6,4.5,5.4,3.3,7.8,4.4,3.4,2.2,"https://www.mavilleideale.fr/villes/saint-benoit-reunion"
482,"Berck","Pas-de-Calais","Hauts-de-France",14000,3.70,4.0,5.0,5.9,2.7,6.4,3.3,3.4,2.6,"https://www.mavilleideale.fr/villes/berck"
483,"Alfortville","Val-de-Marne","Île-de-France",45000,3.60,4.3,3.7,3.3,7.7,3.0,4.4,4.5,5.8,"https://www.mavilleideale.fr/villes/alfortville"
484,"Saint-Avold","Moselle","Grand Est",16000,3.60,3.0,4.5,6.7,4.2,3.6,3.3,3.4,3.3,"https://www.mavilleideale.fr/villes/saint-avold"
485,"Saint-André (Réunion)","La Réunion","La Réunion",58000,3.60,3.0,4.2,4.6,4.0,7.1,5.7,3.4,2.6,"https://www.mavilleideale.fr/villes/saint-andre-reunion"
486,"Gentilly","Val-de-Marne","Île-de-France",17500,3.60,4.0,4.5,4.1,7.8,2.3,4.2,4.5,3.8,"https://www.mavilleideale.fr/villes/gentilly"
487,"Champigny-sur-Marne","Val-de-Marne","Île-de-France",75800,3.50,3.6,3.7,3.7,6.2,4.3,3.3,4.5,5.1,"https://www.mavilleideale.fr/villes/champigny-sur-marne"
488,"Bron","Métropole de Lyon","Auvergne-Rhône-Alpes",41000,3.50,3.0,3.7,5.0,7.7,3.0,3.9,3.4,5.1,"https://www.mavilleideale.fr/villes/bron"
489,"Saint-Louis (Réunion)","La Réunion","La Réunion",52000,3.50,3.0,4.2,5.0,4.0,6.4,4.8,3.4,2.6,"https://www.mavilleideale.fr/villes/saint-louis-reunion-974"
490,"Saint-Laurent-du-Maroni","Guyane","Guyane",50301,3.40,3.8,3.7,4.6,2.5,8.1,4.8,3.4,2.6,"https://www.mavilleideale.fr/villes/saint-laurent-du-maroni"
491,"Clichy","Hauts-de-Seine","Île-de-France",62000,3.40,4.3,4.2,2.2,8.4,2.3,4.8,4.1,6.3,"https://www.mavilleideale.fr/villes/clichy"
492,"Béthune","Pas-de-Calais","Hauts-de-France",25000,3.40,3.0,4.0,6.3,5.6,3.0,3.3,3.4,3.8,"https://www.mavilleideale.fr/villes/bethune"
493,"Neuilly-sur-Marne","Seine-Saint-Denis","Île-de-France",36000,3.40,4.9,2.5,4.6,7.0,5.0,3.9,4.5,5.8,"https://www.mavilleideale.fr/villes/neuilly-sur-marne"
494,"Armentières","Nord","Hauts-de-France",25000,3.40,3.6,3.9,5.9,4.9,3.0,3.3,4.1,3.3,"https://www.mavilleideale.fr/villes/armentieres"
495,"Saint-Ouen-sur-Seine","Seine-Saint-Denis","Île-de-France",51400,3.30,4.9,2.2,3.7,9.0,2.3,6.6,4.1,7.5,"https://www.mavilleideale.fr/villes/saint-ouen-sur-seine"
496,"Sannois","Val-d'Oise","Île-de-France",26880,3.20,3.6,3.7,5.4,6.1,3.6,2.2,4.1,5.1,"https://www.mavilleideale.fr/villes/sannois"
497,"Istres","Bouches-du-Rhône","Provence-Alpes-Côte d'Azur",43000,3.20,3.6,2.8,5.2,6.2,4.3,3.9,4.1,4.6,"https://www.mavilleideale.fr/villes/istres"
498,"La Seyne-sur-Mer","Var","Provence-Alpes-Côte d'Azur",65000,3.20,3.6,3.7,3.9,6.2,5.7,3.9,2.4,3.8,"https://www.mavilleideale.fr/villes/la-seyne-sur-mer"
499,"Choisy-le-Roi","Val-de-Marne","Île-de-France",46000,3.20,3.0,3.4,3.7,7.7,3.4,3.9,3.4,5.1,"https://www.mavilleideale.fr/villes/choisy-le-roi"
500,"Bagneux","Hauts-de-Seine","Île-de-France",41000,3.20,4.0,4.2,3.0,7.7,2.3,3.9,4.5,3.8,"https://www.mavilleideale.fr/villes/bagneux"
501,"Bezons","Val-d'Oise","Île-de-France",30100,3.10,3.0,2.9,5.0,7.7,3.0,3.0,3.4,5.8,"https://www.mavilleideale.fr/villes/bezons"
502,"Fresnes","Val-de-Marne","Île-de-France",27500,3.10,3.6,4.0,4.1,4.9,3.0,3.3,4.1,3.3,"https://www.mavilleideale.fr/villes/fresnes"
503,"Mamoudzou","Mayotte","Mayotte",71437,3.00,3.4,3.2,4.6,2.5,7.8,4.8,3.4,2.6,"https://www.mavilleideale.fr/villes/mamoudzou"
504,"Villeneuve-la-Garenne","Hauts-de-Seine","Île-de-France",25000,3.00,3.0,4.0,3.7,6.4,3.6,2.5,3.4,4.3,"https://www.mavilleideale.fr/villes/villeneuve-la-garenne"
505,"Givors","Métropole de Lyon","Auvergne-Rhône-Alpes",19500,3.00,2.4,4.0,6.3,5.6,3.6,2.5,3.4,2.6,"https://www.mavilleideale.fr/villes/givors"
506,"Saint-Denis","Seine-Saint-Denis","Île-de-France",111000,2.80,3.2,2.2,5.0,9.0,2.3,5.5,2.4,4.8,"https://www.mavilleideale.fr/villes/saint-denis"
507,"Sarcelles","Val-d'Oise","Île-de-France",58217,2.80,2.2,2.2,5.9,6.2,2.3,3.0,2.2,2.6,"https://www.mavilleideale.fr/villes/sarcelles"
508,"Garges-lès-Gonesse","Val-d'Oise","Île-de-France",41000,2.80,2.2,2.2,6.0,6.2,2.2,2.6,2.2,2.6,"https://www.mavilleideale.fr/villes/garges-les-gonesse"
509,"Gonesse","Val-d'Oise","Île-de-France",26200,2.80,2.2,3.0,5.9,4.9,3.0,2.5,2.4,3.3,"https://www.mavilleideale.fr/villes/gonesse"
510,"Villiers-le-Bel","Val-d'Oise","Île-de-France",28000,2.80,2.2,2.2,6.7,4.9,2.3,2.2,2.2,2.2,"https://www.mavilleideale.fr/villes/villiers-le-bel"
511,"Pierrefitte-sur-Seine","Seine-Saint-Denis","Île-de-France",30200,2.80,2.2,2.2,6.0,7.0,2.2,2.6,2.2,2.6,"https://www.mavilleideale.fr/villes/pierrefitte-sur-seine"
512,"Aulnay-sous-Bois","Seine-Saint-Denis","Île-de-France",86300,2.80,2.2,2.2,5.7,7.0,2.3,3.0,2.2,3.3,"https://www.mavilleideale.fr/villes/aulnay-sous-bois"
513,"Drancy","Seine-Saint-Denis","Île-de-France",71800,2.80,2.2,2.2,5.4,7.2,2.3,3.0,2.4,3.8,"https://www.mavilleideale.fr/villes/drancy"
514,"Bondy","Seine-Saint-Denis","Île-de-France",55600,2.80,2.2,2.2,5.7,7.0,2.2,2.6,2.2,2.8,"https://www.mavilleideale.fr/villes/bondy"
515,"Aubervilliers","Seine-Saint-Denis","Île-de-France",89000,2.80,2.2,2.2,4.6,7.7,2.2,4.8,2.4,5.1,"https://www.mavilleideale.fr/villes/aubervilliers"
516,"Stains","Seine-Saint-Denis","Île-de-France",39000,2.80,2.2,2.2,6.0,6.2,2.3,2.6,2.2,2.3,"https://www.mavilleideale.fr/villes/stains"
517,"Sevran","Seine-Saint-Denis","Île-de-France",52000,2.80,2.2,2.2,6.0,6.2,3.0,2.2,2.2,2.2,"https://www.mavilleideale.fr/villes/sevran"
518,"La Courneuve","Seine-Saint-Denis","Île-de-France",45100,2.80,2.2,2.2,5.9,7.0,3.0,2.6,2.2,2.6,"https://www.mavilleideale.fr/villes/la-courneuve"
519,"Bagnolet","Seine-Saint-Denis","Île-de-France",35400,2.80,3.6,2.2,4.1,7.7,2.3,5.7,3.4,6.3,"https://www.mavilleideale.fr/villes/bagnolet"
520,"Trappes","Yvelines","Île-de-France",32000,2.80,2.2,2.9,4.2,6.2,3.0,2.6,2.2,3.3,"https://www.mavilleideale.fr/villes/trappes"
521,"Roubaix","Nord","Hauts-de-France",99000,2.80,2.2,2.2,6.3,7.7,2.2,5.7,2.2,3.8,"https://www.mavilleideale.fr/villes/roubaix"
522,"Tourcoing","Nord","Hauts-de-France",98000,2.80,2.2,2.6,6.3,7.7,2.2,4.8,2.8,4.3,"https://www.mavilleideale.fr/villes/tourcoing"
523,"Wattrelos","Nord","Hauts-de-France",41000,2.80,2.2,3.1,6.3,6.2,2.3,3.0,2.4,3.3,"https://www.mavilleideale.fr/villes/wattrelos"
524,"Vitrolles","Bouches-du-Rhône","Provence-Alpes-Côte d'Azur",34000,2.80,3.0,2.3,5.2,7.0,3.0,3.0,3.4,4.3,"https://www.mavilleideale.fr/villes/vitrolles"
525,"Marignane","Bouches-du-Rhône","Provence-Alpes-Côte d'Azur",33000,2.80,3.4,2.3,5.2,7.2,3.4,3.0,3.4,4.6,"https://www.mavilleideale.fr/villes/marignane"
526,"Vaulx-en-Velin","Métropole de Lyon","Auvergne-Rhône-Alpes",53000,2.80,2.2,2.9,5.7,7.7,3.0,3.9,2.4,3.8,"https://www.mavilleideale.fr/villes/vaulx-en-velin"
527,"Liévin","Pas-de-Calais","Hauts-de-France",30000,2.80,2.2,3.2,6.3,5.5,2.3,3.9,2.2,2.6,"https://www.mavilleideale.fr/villes/lievin"
528,"Bruay-la-Buissière","Pas-de-Calais","Hauts-de-France",22500,2.80,2.2,4.0,6.7,4.6,3.0,2.5,2.4,2.6,"https://www.mavilleideale.fr/villes/bruay-la-buissiere"
529,"Gennevilliers","Hauts-de-Seine","Île-de-France",46000,2.80,2.2,3.5,3.3,8.1,2.2,4.4,2.8,5.1,"https://www.mavilleideale.fr/villes/gennevilliers"
530,"Rosny-sous-Bois","Seine-Saint-Denis","Île-de-France",46000,2.80,3.6,2.2,4.6,7.7,3.4,3.9,4.1,5.8,"https://www.mavilleideale.fr/villes/rosny-sous-bois"
531,"Le Blanc-Mesnil","Seine-Saint-Denis","Île-de-France",57000,2.80,2.2,2.2,5.4,6.7,3.0,3.0,2.4,3.8,"https://www.mavilleideale.fr/villes/le-blanc-mesnil"
532,"Tremblay-en-France","Seine-Saint-Denis","Île-de-France",36000,2.80,3.6,2.2,5.2,7.0,3.6,3.0,3.4,5.1,"https://www.mavilleideale.fr/villes/tremblay-en-france"
533,"Noisy-le-Sec","Seine-Saint-Denis","Île-de-France",45000,2.80,3.0,2.2,5.0,7.7,3.0,3.9,3.4,5.1,"https://www.mavilleideale.fr/villes/noisy-le-sec"
534,"Creil","Oise","Hauts-de-France",35000,2.80,2.2,3.2,5.9,6.2,3.0,3.0,2.4,3.3,"https://www.mavilleideale.fr/villes/creil"
535,"Corbeil-Essonnes","Essonne","Île-de-France",52000,2.80,2.4,3.1,5.4,6.2,3.6,3.9,2.8,3.8,"https://www.mavilleideale.fr/villes/corbeil-essonnes"
536,"Goussainville","Val-d'Oise","Île-de-France",32000,2.80,2.2,2.4,5.4,5.5,2.3,2.2,2.4,2.2,"https://www.mavilleideale.fr/villes/goussainville"
537,"Maubeuge","Nord","Hauts-de-France",30000,2.80,2.2,2.6,5.9,4.7,3.0,3.0,2.2,2.2,"https://www.mavilleideale.fr/villes/maubeuge"
538,"Denain","Nord","Hauts-de-France",19000,2.80,2.2,2.4,6.7,4.2,2.3,2.2,2.2,2.2,"https://www.mavilleideale.fr/villes/denain"
539,"Hénin-Beaumont","Pas-de-Calais","Hauts-de-France",26000,2.80,2.2,4.0,6.3,4.9,3.0,2.5,2.4,2.2,"https://www.mavilleideale.fr/villes/henin-beaumont"
540,"Hayange","Moselle","Grand Est",16000,2.80,2.2,4.0,6.3,4.2,3.0,2.2,2.4,2.2,"https://www.mavilleideale.fr/villes/hayange"
